dt3,month,year,proportion_pos,flu_risk
1997-09-28,9,1997,0.0075084878553142885,1: low
1997-10-05,10,1997,0.005299288221950116,1: low
1997-10-12,10,1997,0.004599379872550838,1: low
1997-10-19,10,1997,0.0034336919057582614,1: low
1997-10-26,10,1997,0.003304996063948303,1: low
1997-11-02,11,1997,0.003829351870395171,1: low
1997-11-09,11,1997,0.00519277272531839,1: low
1997-11-16,11,1997,0.008377333121915565,1: low
1997-11-23,11,1997,0.014623036839456163,1: low
1997-11-30,11,1997,0.025169708827497354,1: low
1997-12-07,12,1997,0.04277616258437164,1: low
1997-12-14,12,1997,0.06929171836553732,1: low
1997-12-21,12,1997,0.10616741356358032,1: low
1997-12-28,12,1997,0.15123126711678125,2: med
1998-01-04,1,1998,0.19889513920863097,2: med
1998-01-11,1,1998,0.23688333462155717,3: high
1998-01-18,1,1998,0.26833190468467594,3: high
1998-01-25,1,1998,0.2780479907114245,3: high
1998-02-01,2,1998,0.26152291938598893,3: high
1998-02-08,2,1998,0.22810680031943636,3: high
1998-02-15,2,1998,0.1888853017680461,2: med
1998-02-22,2,1998,0.14924371911000656,2: med
1998-03-01,3,1998,0.11190105221029369,2: med
1998-03-08,3,1998,0.0819159434912886,1: low
1998-03-15,3,1998,0.057102377489585174,1: low
1998-03-22,3,1998,0.03897448036950675,1: low
1998-03-29,3,1998,0.028533858057509735,1: low
1998-04-05,4,1998,0.020393458012027594,1: low
1998-04-12,4,1998,0.0177412788654101,1: low
1998-04-19,4,1998,0.01630991160950935,1: low
1998-04-26,4,1998,0.015841127519369783,1: low
1998-05-03,5,1998,0.014549007413820108,1: low
1998-05-10,5,1998,0.010831470881652516,1: low
1998-05-17,5,1998,0.007125057439078384,1: low
1998-05-24,5,1998,0.005786163992367492,1: low
1998-05-31,5,1998,0.0061040468036876495,1: low
1998-06-07,6,1998,0.007245794780103516,1: low
1998-06-14,6,1998,0.008216052558457948,1: low
1998-06-21,6,1998,0.007495203651461542,1: low
1998-06-28,6,1998,0.004643574878101171,1: low
1998-07-05,7,1998,0.0016502558244759103,1: low
1998-07-12,7,1998,2.9152321653896397e-4,1: low
1998-07-19,7,1998,2.6141256807391e-5,1: low
1998-07-26,7,1998,1.9918536033990134e-6,1: low
1998-08-02,8,1998,2.1017584843527768e-7,1: low
1998-08-09,8,1998,3.834590800205043e-8,1: low
1998-08-16,8,1998,1.7387557072128152e-8,1: low
1998-08-23,8,1998,2.913555850452337e-8,1: low
1998-08-30,8,1998,1.1181100999778832e-7,1: low
1998-09-06,9,1998,5.818650659809363e-7,1: low
1998-09-13,9,1998,3.5093134299566643e-6,1: low
1998-09-20,9,1998,2.3757655401653366e-5,1: low
1998-09-27,9,1998,1.7218258159278733e-4,1: low
1998-10-04,10,1998,8.154198361053123e-4,1: low
1998-10-11,10,1998,0.0025987515775778244,1: low
1998-10-18,10,1998,0.004722240903396382,1: low
1998-10-25,10,1998,0.005254427970681001,1: low
1998-11-01,11,1998,0.005489670399574474,1: low
1998-11-08,11,1998,0.005385262107992136,1: low
1998-11-15,11,1998,0.005522370454232902,1: low
1998-11-22,11,1998,0.006578584663939055,1: low
1998-11-29,11,1998,0.009474829236077672,1: low
1998-12-06,12,1998,0.014294475334895288,1: low
1998-12-13,12,1998,0.024013104794497826,1: low
1998-12-20,12,1998,0.0408076036238139,1: low
1998-12-27,12,1998,0.06556962937518108,1: low
1999-01-03,1,1999,0.10237330569768585,1: low
1999-01-10,1,1999,0.14527161502090907,2: med
1999-01-17,1,1999,0.18599103776835574,2: med
1999-01-24,1,1999,0.22736751336495742,3: high
1999-01-31,1,1999,0.25872281575327044,3: high
1999-02-07,2,1999,0.2770016094193768,3: high
1999-02-14,2,1999,0.2753156792388609,3: high
1999-02-21,2,1999,0.2598503778801374,3: high
1999-02-28,2,1999,0.23222779945803657,3: high
1999-03-07,3,1999,0.19299115644660575,2: med
1999-03-14,3,1999,0.15915019374919198,2: med
1999-03-21,3,1999,0.12590140600062236,2: med
1999-03-28,3,1999,0.09786461425185572,1: low
1999-04-04,4,1999,0.07375675054961697,1: low
1999-04-11,4,1999,0.05585819550322864,1: low
1999-04-18,4,1999,0.0384955262995082,1: low
1999-04-25,4,1999,0.028208871146923165,1: low
1999-05-02,5,1999,0.01944878980361266,1: low
1999-05-09,5,1999,0.01370082491893712,1: low
1999-05-16,5,1999,0.011875191952790413,1: low
1999-05-23,5,1999,0.009922106891165362,1: low
1999-05-30,5,1999,0.005488870571750921,1: low
1999-06-06,6,1999,8.520096708464915e-4,1: low
1999-06-13,6,1999,0.00604256369583958,1: low
1999-06-20,6,1999,0.008705364923812969,1: low
1999-06-27,6,1999,0.013185479571895836,1: low
1999-07-04,7,1999,0.018371859649763008,1: low
1999-07-11,7,1999,0.021028660635128184,1: low
1999-07-18,7,1999,0.017780887441933485,1: low
1999-07-25,7,1999,0.010553614716294301,1: low
1999-08-01,8,1999,0.004902209944433573,1: low
1999-08-08,8,1999,0.002063141617873799,1: low
1999-08-15,8,1999,9.474609520605878e-4,1: low
1999-08-22,8,1999,6.263794577166937e-4,1: low
1999-08-29,8,1999,7.07689798866836e-4,1: low
1999-09-05,9,1999,0.0010807048559822085,1: low
1999-09-12,9,1999,0.0017551649705677803,1: low
1999-09-19,9,1999,0.0028507916754008855,1: low
1999-09-26,9,1999,0.007151446834744855,1: low
1999-10-03,10,1999,0.009535094921317454,1: low
1999-10-10,10,1999,0.012984763258793665,1: low
1999-10-17,10,1999,0.019690840528831327,1: low
1999-10-24,10,1999,0.02875303589820556,1: low
1999-10-31,10,1999,0.03848549770688461,1: low
1999-11-07,11,1999,0.05529384531340125,1: low
1999-11-14,11,1999,0.0763796074602487,1: low
1999-11-21,11,1999,0.10368343987078409,1: low
1999-11-28,11,1999,0.14781289542806306,2: med
1999-12-05,12,1999,0.1974134259752746,2: med
1999-12-12,12,1999,0.2479417201483057,3: high
1999-12-19,12,1999,0.2796342501796512,3: high
1999-12-26,12,1999,0.278465588032887,3: high
2000-01-02,1,2000,0.25514804099278476,3: high
2000-01-09,1,2000,0.21947150910108384,3: high
2000-01-16,1,2000,0.17844057119622062,2: med
2000-01-23,1,2000,0.13980456490006954,2: med
2000-01-30,1,2000,0.10741634269933667,1: low
2000-02-06,2,2000,0.08397714723867555,1: low
2000-02-13,2,2000,0.06480565048327286,1: low
2000-02-20,2,2000,0.05164525172460019,1: low
2000-02-27,2,2000,0.042693124724072,1: low
2000-03-05,3,2000,0.03551981182395864,1: low
2000-03-12,3,2000,0.030459249613058983,1: low
2000-03-19,3,2000,0.025520402516705225,1: low
2000-03-26,3,2000,0.020273429708892354,1: low
2000-04-02,4,2000,0.015851052516834527,1: low
2000-04-09,4,2000,0.012200063014226648,1: low
2000-04-16,4,2000,0.010300012865289582,1: low
2000-04-23,4,2000,0.009233125772543531,1: low
2000-04-30,4,2000,0.010787484895016283,1: low
2000-05-07,5,2000,0.006932166693850554,1: low
2000-05-14,5,2000,0.005221693125978512,1: low
2000-05-21,5,2000,0.00514447268288639,1: low
2000-05-28,5,2000,0.004040009447351845,1: low
2000-06-04,6,2000,0.0030856515603879253,1: low
2000-06-11,6,2000,0.002219967932683441,1: low
2000-06-18,6,2000,0.0013729175422929833,1: low
2000-06-25,6,2000,9.497299084725783e-4,1: low
2000-07-02,7,2000,1.2086865294331428e-4,1: low
2000-07-09,7,2000,6.261778682875765e-5,1: low
2000-07-16,7,2000,8.05344992772479e-5,1: low
2000-07-23,7,2000,2.972938410713813e-4,1: low
2000-07-30,7,2000,6.317456806015086e-4,1: low
2000-08-06,8,2000,0.0010083488647945702,1: low
2000-08-13,8,2000,0.001319002732297297,1: low
2000-08-20,8,2000,0.001675204928332452,1: low
2000-08-27,8,2000,0.001958697311724884,1: low
2000-09-03,9,2000,0.002002746722815869,1: low
2000-09-10,9,2000,0.0017863117251569701,1: low
2000-09-17,9,2000,0.0014801112432934287,1: low
2000-09-24,9,2000,0.0012446238518991801,1: low
2000-10-01,10,2000,0.0011645715200872097,1: low
2000-10-08,10,2000,0.0018314962850641651,1: low
2000-10-15,10,2000,0.0034120581110366334,1: low
2000-10-22,10,2000,0.006220769736954908,1: low
2000-10-29,10,2000,0.0102115485998221,1: low
2000-11-05,11,2000,0.015634523323970567,1: low
2000-11-12,11,2000,0.0220045968177521,1: low
2000-11-19,11,2000,0.03453557658960405,1: low
2000-11-26,11,2000,0.043136892945281495,1: low
2000-12-03,12,2000,0.05554352172537234,1: low
2000-12-10,12,2000,0.07750106276328488,1: low
2000-12-17,12,2000,0.09720719766142535,1: low
2000-12-24,12,2000,0.126624811689591,2: med
2000-12-31,12,2000,0.15764565806456357,2: med
2001-01-07,1,2001,0.19040581151494074,2: med
2001-01-14,1,2001,0.2122685671836997,3: high
2001-01-21,1,2001,0.21942503298159252,3: high
2001-01-28,1,2001,0.2106786420092905,3: high
2001-02-04,2,2001,0.1906769943598527,2: med
2001-02-11,2,2001,0.16381260503879091,2: med
2001-02-18,2,2001,0.1341212897861649,2: med
2001-02-25,2,2001,0.10677167432866198,1: low
2001-03-04,3,2001,0.08338252406670493,1: low
2001-03-11,3,2001,0.06494039613119124,1: low
2001-03-18,3,2001,0.050976329985286714,1: low
2001-03-25,3,2001,0.03996407864422547,1: low
2001-04-01,4,2001,0.03166417688456066,1: low
2001-04-08,4,2001,0.02506140013809824,1: low
2001-04-15,4,2001,0.01948180988583397,1: low
2001-04-22,4,2001,0.014597718689058218,1: low
2001-04-29,4,2001,0.010158966632021506,1: low
2001-05-06,5,2001,0.007196996826619514,1: low
2001-05-13,5,2001,0.00420618768059553,1: low
2001-05-20,5,2001,0.0025162990773045443,1: low
2001-05-27,5,2001,0.0016257855929435931,1: low
2001-06-03,6,2001,0.0012397265416103928,1: low
2001-06-10,6,2001,0.0014192852535340804,1: low
2001-06-17,6,2001,8.973611823150347e-4,1: low
2001-06-24,6,2001,7.902329089944498e-4,1: low
2001-07-01,7,2001,0.0012460283196091882,1: low
2001-07-08,7,2001,0.00114664339400501,1: low
2001-07-15,7,2001,0.0014799732950849605,1: low
2001-07-22,7,2001,9.876353642382454e-4,1: low
2001-07-29,7,2001,5.869663254124442e-4,1: low
2001-08-05,8,2001,3.3911736349838043e-4,1: low
2001-08-12,8,2001,4.495396454201199e-4,1: low
2001-08-19,8,2001,2.835334544996083e-4,1: low
2001-08-26,8,2001,3.4131861311043077e-4,1: low
2001-09-02,9,2001,3.954614366012576e-4,1: low
2001-09-09,9,2001,8.331968222581845e-4,1: low
2001-09-16,9,2001,0.002415842529037656,1: low
2001-09-23,9,2001,0.010282006308072708,1: low
2001-09-30,9,2001,0.0052675338116267645,1: low
2001-10-07,10,2001,0.005083249056095593,1: low
2001-10-14,10,2001,0.005671301418993862,1: low
2001-10-21,10,2001,0.008226431275079663,1: low
2001-10-28,10,2001,0.010089212339568507,1: low
2001-11-04,11,2001,0.012366921424806507,1: low
2001-11-11,11,2001,0.016424259361553374,1: low
2001-11-18,11,2001,0.019049818061021784,1: low
2001-11-25,11,2001,0.025296537223695566,1: low
2001-12-02,12,2001,0.034142235577707535,1: low
2001-12-09,12,2001,0.04439330732282825,1: low
2001-12-16,12,2001,0.06025870616050788,1: low
2001-12-23,12,2001,0.08443056656176787,1: low
2001-12-30,12,2001,0.11087592475876586,2: med
2002-01-06,1,2002,0.14408944388218753,2: med
2002-01-13,1,2002,0.17830302941815174,2: med
2002-01-20,1,2002,0.2063644942410413,3: high
2002-01-27,1,2002,0.22794053175643,3: high
2002-02-03,2,2002,0.23939876969026994,3: high
2002-02-10,2,2002,0.24643312657206465,3: high
2002-02-17,2,2002,0.24219040535511033,3: high
2002-02-24,2,2002,0.22777774201601458,3: high
2002-03-03,3,2002,0.20380636168609412,3: high
2002-03-10,3,2002,0.1812056858555704,2: med
2002-03-17,3,2002,0.15826041531092527,2: med
2002-03-24,3,2002,0.13946320175427412,2: med
2002-03-31,3,2002,0.12542943629578895,2: med
2002-04-07,4,2002,0.11792034152121578,2: med
2002-04-14,4,2002,0.11261665249441428,2: med
2002-04-21,4,2002,0.10289770463927439,1: low
2002-04-28,4,2002,0.09282407375654385,1: low
2002-05-05,5,2002,0.08066567406621412,1: low
2002-05-12,5,2002,0.06634547384520806,1: low
2002-05-19,5,2002,0.050430296839893515,1: low
2002-05-26,5,2002,0.03439287470993046,1: low
2002-06-02,6,2002,0.022073569623078076,1: low
2002-06-09,6,2002,0.012290706035402384,1: low
2002-06-16,6,2002,0.0069193543454087155,1: low
2002-06-23,6,2002,0.003966836102652185,1: low
2002-06-30,6,2002,0.002493545391712729,1: low
2002-07-07,7,2002,0.001396310981280387,1: low
2002-07-14,7,2002,9.077957653861637e-4,1: low
2002-07-21,7,2002,6.278203147703146e-4,1: low
2002-07-28,7,2002,6.383406467043578e-4,1: low
2002-08-04,8,2002,5.268087098590897e-4,1: low
2002-08-11,8,2002,6.425526889004067e-4,1: low
2002-08-18,8,2002,8.260858583119659e-4,1: low
2002-08-25,8,2002,0.0011047880194787832,1: low
2002-09-01,9,2002,0.0015971840518600496,1: low
2002-09-08,9,2002,0.0017777916288669168,1: low
2002-09-15,9,2002,0.0017673922361923528,1: low
2002-09-22,9,2002,0.0016888198656495484,1: low
2002-09-29,9,2002,0.0015565210104205743,1: low
2002-10-06,10,2002,0.0016451066711827829,1: low
2002-10-13,10,2002,0.001548896170815098,1: low
2002-10-20,10,2002,0.0016358810032479087,1: low
2002-10-27,10,2002,0.0021839906504096587,1: low
2002-11-03,11,2002,0.003231437095000673,1: low
2002-11-10,11,2002,0.0053204643821257724,1: low
2002-11-17,11,2002,0.008753144713096786,1: low
2002-11-24,11,2002,0.014093632664470558,1: low
2002-12-01,12,2002,0.022916086309633772,1: low
2002-12-08,12,2002,0.03391040160111766,1: low
2002-12-15,12,2002,0.04772141657923091,1: low
2002-12-22,12,2002,0.060291177244196595,1: low
2002-12-29,12,2002,0.07589325050601621,1: low
2003-01-05,1,2003,0.09839232839322651,1: low
2003-01-12,1,2003,0.1279435335540341,2: med
2003-01-19,1,2003,0.16355900545092042,2: med
2003-01-26,1,2003,0.20044552753490957,3: high
2003-02-02,2,2003,0.23561842380905365,3: high
2003-02-09,2,2003,0.2482013238729182,3: high
2003-02-16,2,2003,0.24855493879431614,3: high
2003-02-23,2,2003,0.2278527805963091,3: high
2003-03-02,3,2003,0.1962199319070449,2: med
2003-03-09,3,2003,0.16524769877851447,2: med
2003-03-16,3,2003,0.13066310589901284,2: med
2003-03-23,3,2003,0.10249793221302776,1: low
2003-03-30,3,2003,0.08097440076792513,1: low
2003-04-06,4,2003,0.06381423274709065,1: low
2003-04-13,4,2003,0.054540011324581035,1: low
2003-04-20,4,2003,0.04193154921249176,1: low
2003-04-27,4,2003,0.03655128880053067,1: low
2003-05-04,5,2003,0.029591916666218278,1: low
2003-05-11,5,2003,0.023616054937239173,1: low
2003-05-18,5,2003,0.019078017145334056,1: low
2003-05-25,5,2003,0.014609522640122675,1: low
2003-06-01,6,2003,0.010979328443029611,1: low
2003-06-08,6,2003,0.009737459870934675,1: low
2003-06-15,6,2003,0.008114879724903618,1: low
2003-06-22,6,2003,0.006733214737482233,1: low
2003-06-29,6,2003,0.0058747986992911845,1: low
2003-07-06,7,2003,0.00511509513905834,1: low
2003-07-13,7,2003,0.0049307282714586495,1: low
2003-07-20,7,2003,0.00520376430430034,1: low
2003-07-27,7,2003,0.003959266136746703,1: low
2003-08-03,8,2003,0.0032184233832048196,1: low
2003-08-10,8,2003,0.0017048161456870233,1: low
2003-08-17,8,2003,0.0013881216657477987,1: low
2003-08-24,8,2003,0.0013653068877693495,1: low
2003-08-31,8,2003,0.002355224201965125,1: low
2003-09-07,9,2003,0.004831613357564724,1: low
2003-09-14,9,2003,0.011249451756640926,1: low
2003-09-21,9,2003,0.014744205063538674,1: low
2003-09-28,9,2003,0.036621374868809606,1: low
2003-10-05,10,2003,0.06095720308942186,1: low
2003-10-12,10,2003,0.10164421383890546,1: low
2003-10-19,10,2003,0.14380733503216153,2: med
2003-10-26,10,2003,0.17998329294363008,2: med
2003-11-02,11,2003,0.24038952501483393,3: high
2003-11-09,11,2003,0.29236846645755243,3: high
2003-11-16,11,2003,0.3387498307540891,3: high
2003-11-23,11,2003,0.3594735498666367,3: high
2003-11-30,11,2003,0.3495802449887737,3: high
2003-12-07,12,2003,0.3265045788834671,3: high
2003-12-14,12,2003,0.29181347142641617,3: high
2003-12-21,12,2003,0.24634371056013826,3: high
2003-12-28,12,2003,0.1934400811278418,2: med
2004-01-04,1,2004,0.14177277407778802,2: med
2004-01-11,1,2004,0.09537173260072068,1: low
2004-01-18,1,2004,0.06278922511303338,1: low
2004-01-25,1,2004,0.04048570015423735,1: low
2004-02-01,2,2004,0.027295441969237878,1: low
2004-02-08,2,2004,0.0184177278018168,1: low
2004-02-15,2,2004,0.012962338704077996,1: low
2004-02-22,2,2004,0.0111692427837181,1: low
2004-02-29,2,2004,0.00878167580428666,1: low
2004-03-07,3,2004,0.008657985380497198,1: low
2004-03-14,3,2004,0.008635083298192547,1: low
2004-03-21,3,2004,0.00866178858633799,1: low
2004-03-28,3,2004,0.009047919113435507,1: low
2004-04-04,4,2004,0.00977686986564712,1: low
2004-04-11,4,2004,0.009475643673802167,1: low
2004-04-18,4,2004,0.00911171288234117,1: low
2004-04-25,4,2004,0.008312409930864097,1: low
2004-05-02,5,2004,0.0071628862661595434,1: low
2004-05-09,5,2004,0.005974586588043436,1: low
2004-05-16,5,2004,0.005103265660322009,1: low
2004-05-23,5,2004,0.0039382498872928325,1: low
2004-05-30,5,2004,0.0045533334745960505,1: low
2004-06-06,6,2004,0.0040867809788169415,1: low
2004-06-13,6,2004,0.0033107518202533082,1: low
2004-06-20,6,2004,0.003326474953756484,1: low
2004-06-27,6,2004,0.003350561694968122,1: low
2004-07-04,7,2004,0.003210498660415461,1: low
2004-07-11,7,2004,0.002515283724674328,1: low
2004-07-18,7,2004,0.0025024984518748684,1: low
2004-07-25,7,2004,0.002184921655735041,1: low
2004-08-01,8,2004,0.0020000373748845727,1: low
2004-08-08,8,2004,0.0024274927247484738,1: low
2004-08-15,8,2004,0.00297321752863382,1: low
2004-08-22,8,2004,0.003342563184322075,1: low
2004-08-29,8,2004,0.0038832283803022323,1: low
2004-09-05,9,2004,0.004340825356877045,1: low
2004-09-12,9,2004,0.00532005375778288,1: low
2004-09-19,9,2004,0.0070235906151755075,1: low
2004-09-26,9,2004,0.008716232313768847,1: low
2004-10-03,10,2004,0.010385526736921379,1: low
2004-10-10,10,2004,0.011445630148044368,1: low
2004-10-17,10,2004,0.011974554688462447,1: low
2004-10-24,10,2004,0.012803370338352597,1: low
2004-10-31,10,2004,0.014293295856736922,1: low
2004-11-07,11,2004,0.01688281520962399,1: low
2004-11-14,11,2004,0.020800152034119432,1: low
2004-11-21,11,2004,0.027053721169573462,1: low
2004-11-28,11,2004,0.038865553209971856,1: low
2004-12-05,12,2004,0.056562390072539596,1: low
2004-12-12,12,2004,0.07979675613812345,1: low
2004-12-19,12,2004,0.11255111228085028,2: med
2004-12-26,12,2004,0.1419735575658254,2: med
2005-01-02,1,2005,0.1717996471151601,2: med
2005-01-09,1,2005,0.19430605294943765,2: med
2005-01-16,1,2005,0.2237287861370725,3: high
2005-01-23,1,2005,0.24577255328952477,3: high
2005-01-30,1,2005,0.2569777688059139,3: high
2005-02-06,2,2005,0.2581136025157517,3: high
2005-02-13,2,2005,0.24953597673790054,3: high
2005-02-20,2,2005,0.22884084648339437,3: high
2005-02-27,2,2005,0.20370080657109182,3: high
2005-03-06,3,2005,0.1841135357147976,2: med
2005-03-13,3,2005,0.16408691192812508,2: med
2005-03-20,3,2005,0.13938996675590942,2: med
2005-03-27,3,2005,0.10979042959725957,1: low
2005-04-03,4,2005,0.08146715819012908,1: low
2005-04-10,4,2005,0.05790954353664206,1: low
2005-04-17,4,2005,0.04098891111699052,1: low
2005-04-24,4,2005,0.030406325211650643,1: low
2005-05-01,5,2005,0.023868792686214228,1: low
2005-05-08,5,2005,0.019946092941900275,1: low
2005-05-15,5,2005,0.018148899218013746,1: low
2005-05-22,5,2005,0.014137347349797462,1: low
2005-05-29,5,2005,0.013659870447306934,1: low
2005-06-05,6,2005,0.0103074358934027,1: low
2005-06-12,6,2005,0.008819150418459919,1: low
2005-06-19,6,2005,0.0066733352390733885,1: low
2005-06-26,6,2005,0.005175430020592147,1: low
2005-07-03,7,2005,0.004513708932662239,1: low
2005-07-10,7,2005,0.004151280229493854,1: low
2005-07-17,7,2005,0.003613101314362771,1: low
2005-07-24,7,2005,0.003126060506228412,1: low
2005-07-31,7,2005,0.002754185919026175,1: low
2005-08-07,8,2005,0.0024445014066780606,1: low
2005-08-14,8,2005,0.002448587945953226,1: low
2005-08-21,8,2005,0.0025137668052939884,1: low
2005-08-28,8,2005,0.002958701278565704,1: low
2005-09-04,9,2005,0.003708768493779011,1: low
2005-09-11,9,2005,0.004878717330549099,1: low
2005-09-18,9,2005,0.005663332014097918,1: low
2005-09-25,9,2005,0.006336384464865188,1: low
2005-10-02,10,2005,0.0067510027745822125,1: low
2005-10-09,10,2005,0.006380359397565588,1: low
2005-10-16,10,2005,0.005768119926102953,1: low
2005-10-23,10,2005,0.00544037642142553,1: low
2005-10-30,10,2005,0.006071532731600094,1: low
2005-11-06,11,2005,0.007991490991734237,1: low
2005-11-13,11,2005,0.013190317727749881,1: low
2005-11-20,11,2005,0.02249443477517751,1: low
2005-11-27,11,2005,0.03857044708912213,1: low
2005-12-04,12,2005,0.05552053064412518,1: low
2005-12-11,12,2005,0.08306454949249875,1: low
2005-12-18,12,2005,0.11116201814165538,2: med
2005-12-25,12,2005,0.12362373167286358,2: med
2006-01-01,1,2006,0.1350717241649668,2: med
2006-01-08,1,2006,0.14229089853536817,2: med
2006-01-15,1,2006,0.14463366666605187,2: med
2006-01-22,1,2006,0.15129473778760383,2: med
2006-01-29,1,2006,0.16074152645794323,2: med
2006-02-05,2,2006,0.1766510603573569,2: med
2006-02-12,2,2006,0.19452148601260918,2: med
2006-02-19,2,2006,0.21045795796306924,3: high
2006-02-26,2,2006,0.21953790625701516,3: high
2006-03-05,3,2006,0.22231600121778441,3: high
2006-03-12,3,2006,0.2100046394632831,3: high
2006-03-19,3,2006,0.18893449790697547,2: med
2006-03-26,3,2006,0.16280981589613366,2: med
2006-04-02,4,2006,0.13760245319408898,2: med
2006-04-09,4,2006,0.11476311824564529,2: med
2006-04-16,4,2006,0.09605861345717699,1: low
2006-04-23,4,2006,0.08528153369277006,1: low
2006-04-30,4,2006,0.0734953959826012,1: low
2006-05-07,5,2006,0.07127408840818482,1: low
2006-05-14,5,2006,0.06383427263348235,1: low
2006-05-21,5,2006,0.05523048935002929,1: low
2006-05-28,5,2006,0.04412187277881442,1: low
2006-06-04,6,2006,0.032961311458483855,1: low
2006-06-11,6,2006,0.02374014193384841,1: low
2006-06-18,6,2006,0.017202607868001877,1: low
2006-06-25,6,2006,0.012706823530550172,1: low
2006-07-02,7,2006,0.011660525630333875,1: low
2006-07-09,7,2006,0.010294857883065724,1: low
2006-07-16,7,2006,0.01057295557997134,1: low
2006-07-23,7,2006,0.010513122091623611,1: low
2006-07-30,7,2006,0.013201636921720281,1: low
2006-08-06,8,2006,0.016573302327915113,1: low
2006-08-13,8,2006,0.019058075512841055,1: low
2006-08-20,8,2006,0.020706257560040218,1: low
2006-08-27,8,2006,0.02323198711874934,1: low
2006-09-03,9,2006,0.02251003956964225,1: low
2006-09-10,9,2006,0.02311833390779851,1: low
2006-09-17,9,2006,0.022251288805586245,1: low
2006-09-24,9,2006,0.026238132614532818,1: low
2006-10-01,10,2006,0.0257475614068003,1: low
2006-10-08,10,2006,0.026380118901985116,1: low
2006-10-15,10,2006,0.026857466796445118,1: low
2006-10-22,10,2006,0.029182482645616844,1: low
2006-10-29,10,2006,0.03216951635099184,1: low
2006-11-05,11,2006,0.03577493071252548,1: low
2006-11-12,11,2006,0.040566840706116845,1: low
2006-11-19,11,2006,0.04339313174662221,1: low
2006-11-26,11,2006,0.046924237070075335,1: low
2006-12-03,12,2006,0.05090720929015045,1: low
2006-12-10,12,2006,0.05921139522897279,1: low
2006-12-17,12,2006,0.06902604765387552,1: low
2006-12-24,12,2006,0.08213011421843652,1: low
2006-12-31,12,2006,0.09885896505867726,1: low
2007-01-07,1,2007,0.12292099730699128,2: med
2007-01-14,1,2007,0.156218673190831,2: med
2007-01-21,1,2007,0.19007072012304216,2: med
2007-01-28,1,2007,0.22105539452004502,3: high
2007-02-04,2,2007,0.23955846106618173,3: high
2007-02-11,2,2007,0.24876308844893028,3: high
2007-02-18,2,2007,0.24423945805158262,3: high
2007-02-25,2,2007,0.22935349255552218,3: high
2007-03-04,3,2007,0.2092322596843429,3: high
2007-03-11,3,2007,0.1877202586118917,2: med
2007-03-18,3,2007,0.16825016421498848,2: med
2007-03-25,3,2007,0.1500594390000019,2: med
2007-04-01,4,2007,0.13288579368732534,2: med
2007-04-08,4,2007,0.11214029034510781,2: med
2007-04-15,4,2007,0.09428096478155737,1: low
2007-04-22,4,2007,0.07982253965355454,1: low
2007-04-29,4,2007,0.06106178414318939,1: low
2007-05-06,5,2007,0.050335955341605176,1: low
2007-05-13,5,2007,0.03932727227756982,1: low
2007-05-20,5,2007,0.031153744576705753,1: low
2007-05-27,5,2007,0.02596102743643887,1: low
2007-06-03,6,2007,0.022017069630998518,1: low
2007-06-10,6,2007,0.01758885395989748,1: low
2007-06-17,6,2007,0.016401971562318245,1: low
2007-06-24,6,2007,0.015233448018767273,1: low
2007-07-01,7,2007,0.01582072011021258,1: low
2007-07-08,7,2007,0.015455341545549827,1: low
2007-07-15,7,2007,0.01498579809721275,1: low
2007-07-22,7,2007,0.017540805235829907,1: low
2007-07-29,7,2007,0.020270291781249984,1: low
2007-08-05,8,2007,0.02048870318214282,1: low
2007-08-12,8,2007,0.02531343114338003,1: low
2007-08-19,8,2007,0.02525264893299664,1: low
2007-08-26,8,2007,0.02701228977679812,1: low
2007-09-02,9,2007,0.02373744669577782,1: low
2007-09-09,9,2007,0.024486425049487056,1: low
2007-09-16,9,2007,0.02341666969065997,1: low
2007-09-23,9,2007,0.019506330095471446,1: low
2007-09-30,9,2007,0.017280455921064898,1: low
2007-10-07,10,2007,0.017180154588836916,1: low
2007-10-14,10,2007,0.01769894553297595,1: low
2007-10-21,10,2007,0.018712415705994072,1: low
2007-10-28,10,2007,0.019774030752723198,1: low
2007-11-04,11,2007,0.02075080934157776,1: low
2007-11-11,11,2007,0.024176130363676315,1: low
2007-11-18,11,2007,0.0270159437260442,1: low
2007-11-25,11,2007,0.03188286393455297,1: low
2007-12-02,12,2007,0.03723619146524543,1: low
2007-12-09,12,2007,0.044210692112472486,1: low
2007-12-16,12,2007,0.0553588622779011,1: low
2007-12-23,12,2007,0.07194438086530756,1: low
2007-12-30,12,2007,0.09647369972468015,1: low
2008-01-06,1,2008,0.12884020129295687,2: med
2008-01-13,1,2008,0.1721854290857323,2: med
2008-01-20,1,2008,0.2238380406037786,3: high
2008-01-27,1,2008,0.2755878684709958,3: high
2008-02-03,2,2008,0.3122717753107667,3: high
2008-02-10,2,2008,0.3211237374749167,3: high
2008-02-17,2,2008,0.30857162350729506,3: high
2008-02-24,2,2008,0.28013130075253434,3: high
2008-03-02,3,2008,0.24974167119644777,3: high
2008-03-09,3,2008,0.2154090893795247,3: high
2008-03-16,3,2008,0.18698570884255064,2: med
2008-03-23,3,2008,0.16891225215567268,2: med
2008-03-30,3,2008,0.14501404859692393,2: med
2008-04-06,4,2008,0.12069360596956605,2: med
2008-04-13,4,2008,0.09144610819959652,1: low
2008-04-20,4,2008,0.06455850490116084,1: low
2008-04-27,4,2008,0.04233526238439994,1: low
2008-05-04,5,2008,0.02669138760444837,1: low
2008-05-11,5,2008,0.01720008564559446,1: low
2008-05-18,5,2008,0.011946497198079156,1: low
2008-05-25,5,2008,0.008800321636103533,1: low
2008-06-01,6,2008,0.0067180770602187564,1: low
2008-06-08,6,2008,0.005927752626056972,1: low
2008-06-15,6,2008,0.005082684114943533,1: low
2008-06-22,6,2008,0.004729652464995573,1: low
2008-06-29,6,2008,0.004778552188901911,1: low
2008-07-06,7,2008,0.005152163378910057,1: low
2008-07-13,7,2008,0.005413417827529548,1: low
2008-07-20,7,2008,0.005687141265402309,1: low
2008-07-27,7,2008,0.005373620798353121,1: low
2008-08-03,8,2008,0.005110254937921142,1: low
2008-08-10,8,2008,0.004954480959080028,1: low
2008-08-17,8,2008,0.004837285599372145,1: low
2008-08-24,8,2008,0.005113540511557746,1: low
2008-08-31,8,2008,0.005346531403326778,1: low
2008-09-07,9,2008,0.005779256805879501,1: low
2008-09-14,9,2008,0.006404133240735856,1: low
2008-09-21,9,2008,0.007197962883641058,1: low
2008-09-28,9,2008,0.008277344005199526,1: low
2008-10-05,10,2008,0.010033926405237835,1: low
2008-10-12,10,2008,0.011416853621075905,1: low
2008-10-19,10,2008,0.01365942772876092,1: low
2008-10-26,10,2008,0.013982746863141386,1: low
2008-11-02,11,2008,0.01523739542901933,1: low
2008-11-09,11,2008,0.017459225537382068,1: low
2008-11-16,11,2008,0.019083583338623974,1: low
2008-11-23,11,2008,0.02152490325148417,1: low
2008-11-30,11,2008,0.024613707588004387,1: low
2008-12-07,12,2008,0.029643980945235102,1: low
2008-12-14,12,2008,0.036452002591417274,1: low
2008-12-21,12,2008,0.04781537104652151,1: low
2008-12-28,12,2008,0.06272628915949907,1: low
2009-01-04,1,2009,0.08530371193167274,1: low
2009-01-11,1,2009,0.11470715387512155,2: med
2009-01-18,1,2009,0.1535435476119236,2: med
2009-01-25,1,2009,0.1949725175991917,2: med
2009-02-01,2,2009,0.23638363771593035,3: high
2009-02-08,2,2009,0.26198630682189566,3: high
2009-02-15,2,2009,0.26652964326879003,3: high
2009-02-22,2,2009,0.2553103674275707,3: high
2009-03-01,3,2009,0.23107601487360632,3: high
2009-03-08,3,2009,0.20329944342402453,3: high
2009-03-15,3,2009,0.1756067471881631,2: med
2009-03-22,3,2009,0.15463307879545476,2: med
2009-03-29,3,2009,0.1400836730110421,2: med
2009-04-05,4,2009,0.1313673380861927,2: med
2009-04-12,4,2009,0.1287511856251719,2: med
2009-04-19,4,2009,0.1336969946068129,2: med
2009-04-26,4,2009,0.13052156652823033,2: med
2009-05-03,5,2009,0.14946518762409833,2: med
2009-05-10,5,2009,0.18614621424913444,2: med
2009-05-17,5,2009,0.24010631888874695,3: high
2009-05-24,5,2009,0.30408323500390355,3: high
2009-05-31,5,2009,0.3705372573877345,3: high
2009-06-07,6,2009,0.41565969584427426,3: high
2009-06-14,6,2009,0.4259587435274443,3: high
2009-06-21,6,2009,0.4003097864205375,3: high
2009-06-28,6,2009,0.3639631996312206,3: high
2009-07-05,7,2009,0.33056972346770436,3: high
2009-07-12,7,2009,0.2936741254375367,3: high
2009-07-19,7,2009,0.2649652184221239,3: high
2009-07-26,7,2009,0.2408694017269505,3: high
2009-08-02,8,2009,0.2233620426167443,3: high
2009-08-09,8,2009,0.21123044185103163,3: high
2009-08-16,8,2009,0.2131786835152912,3: high
2009-08-23,8,2009,0.21226900247289374,3: high
2009-08-30,8,2009,0.22085259240013203,3: high
2009-09-06,9,2009,0.2398537641948735,3: high
2009-09-13,9,2009,0.26313069444115694,3: high
2009-09-20,9,2009,0.2932056961694468,3: high
2009-09-27,9,2009,0.32893634784334297,3: high
2009-10-04,10,2009,0.3612404692852119,3: high
2009-10-11,10,2009,0.3801283933758125,3: high
2009-10-18,10,2009,0.3686648612275605,3: high
2009-10-25,10,2009,0.3408827875542554,3: high
2009-11-01,11,2009,0.304845295482761,3: high
2009-11-08,11,2009,0.2628740686072628,3: high
2009-11-15,11,2009,0.21133183282008888,3: high
2009-11-22,11,2009,0.16339982592759625,2: med
2009-11-29,11,2009,0.11968184945298078,2: med
2009-12-06,12,2009,0.08715197671360803,1: low
2009-12-13,12,2009,0.06518159803162753,1: low
2009-12-20,12,2009,0.051142030361634234,1: low
2009-12-27,12,2009,0.04321601088509095,1: low
2010-01-03,1,2010,0.03925001236700401,1: low
2010-01-10,1,2010,0.03848408947999538,1: low
2010-01-17,1,2010,0.0407928766700562,1: low
2010-01-24,1,2010,0.04509500371401717,1: low
2010-01-31,1,2010,0.04996476824865826,1: low
2010-02-07,2,2010,0.05272877607378688,1: low
2010-02-14,2,2010,0.05828788169154467,1: low
2010-02-21,2,2010,0.06158679534088159,1: low
2010-02-28,2,2010,0.061815512333088345,1: low
2010-03-07,3,2010,0.06255833902715563,1: low
2010-03-14,3,2010,0.05523362032574024,1: low
2010-03-21,3,2010,0.045053202194081744,1: low
2010-03-28,3,2010,0.0364118439470006,1: low
2010-04-04,4,2010,0.026230739608246383,1: low
2010-04-11,4,2010,0.01937245984040453,1: low
2010-04-18,4,2010,0.014026492740268827,1: low
2010-04-25,4,2010,0.010758225371725025,1: low
2010-05-02,5,2010,0.008237091223439344,1: low
2010-05-09,5,2010,0.006373709796063264,1: low
2010-05-16,5,2010,0.004822536536102037,1: low
2010-05-23,5,2010,0.0037570771517315086,1: low
2010-05-30,5,2010,0.0028267792883063434,1: low
2010-06-06,6,2010,0.002405689992152333,1: low
2010-06-13,6,2010,0.0024256688074027707,1: low
2010-06-20,6,2010,0.0025682029579227393,1: low
2010-06-27,6,2010,0.0030735692244348947,1: low
2010-07-04,7,2010,0.004169468645524364,1: low
2010-07-11,7,2010,0.005617503699937375,1: low
2010-07-18,7,2010,0.007935337003759204,1: low
2010-07-25,7,2010,0.010386777756183872,1: low
2010-08-01,8,2010,0.012657694984359818,1: low
2010-08-08,8,2010,0.014314199352408704,1: low
2010-08-15,8,2010,0.015191800665395808,1: low
2010-08-22,8,2010,0.015560025806803077,1: low
2010-08-29,8,2010,0.01573209879972195,1: low
2010-09-05,9,2010,0.015883403645242027,1: low
2010-09-12,9,2010,0.01621012307204295,1: low
2010-09-19,9,2010,0.0168480107516595,1: low
2010-09-26,9,2010,0.018765817448029524,1: low
2010-10-03,10,2010,0.021280104648710916,1: low
2010-10-10,10,2010,0.026217688368311197,1: low
2010-10-17,10,2010,0.03204562077982524,1: low
2010-10-24,10,2010,0.040005184019630234,1: low
2010-10-31,10,2010,0.05052279357510232,1: low
2010-11-07,11,2010,0.06566484176508884,1: low
2010-11-14,11,2010,0.08376413395192228,1: low
2010-11-21,11,2010,0.10428849423423765,1: low
2010-11-28,11,2010,0.1257610613471701,2: med
2010-12-05,12,2010,0.1518772796928013,2: med
2010-12-12,12,2010,0.18284538238791273,2: med
2010-12-19,12,2010,0.21206497951962,3: high
2010-12-26,12,2010,0.24206761221053769,3: high
2011-01-02,1,2011,0.2734505392951935,3: high
2011-01-09,1,2011,0.3039792401429315,3: high
2011-01-16,1,2011,0.33014915466797295,3: high
2011-01-23,1,2011,0.34815481829435896,3: high
2011-01-30,1,2011,0.3564429503649908,3: high
2011-02-06,2,2011,0.35281250390387037,3: high
2011-02-13,2,2011,0.33619790070349614,3: high
2011-02-20,2,2011,0.3089471092390652,3: high
2011-02-27,2,2011,0.2753131598601452,3: high
2011-03-06,3,2011,0.2395593341037506,3: high
2011-03-13,3,2011,0.20308242375174296,3: high
2011-03-20,3,2011,0.16598528637233054,2: med
2011-03-27,3,2011,0.12907798307674598,2: med
2011-04-03,4,2011,0.09546419615822817,1: low
2011-04-10,4,2011,0.06709353883191059,1: low
2011-04-17,4,2011,0.045892568682115234,1: low
2011-04-24,4,2011,0.030470929653088702,1: low
2011-05-01,5,2011,0.020655264494219915,1: low
2011-05-08,5,2011,0.013514755445711606,1: low
2011-05-15,5,2011,0.009203640429535991,1: low
2011-05-22,5,2011,0.006371809405546531,1: low
2011-05-29,5,2011,0.0046798527624166255,1: low
2011-06-05,6,2011,0.0037119713221977157,1: low
2011-06-12,6,2011,0.003182049592876491,1: low
2011-06-19,6,2011,0.0029008671428146443,1: low
2011-06-26,6,2011,0.0030463813698940376,1: low
2011-07-03,7,2011,0.0034137659396513286,1: low
2011-07-10,7,2011,0.003833039811873441,1: low
2011-07-17,7,2011,0.004801478999846288,1: low
2011-07-24,7,2011,0.005949541267990705,1: low
2011-07-31,7,2011,0.007204858703391568,1: low
2011-08-07,8,2011,0.00834015011977748,1: low
2011-08-14,8,2011,0.009002872111432499,1: low
2011-08-21,8,2011,0.009436507849623,1: low
2011-08-28,8,2011,0.009936178477372732,1: low
2011-09-04,9,2011,0.010373837320711586,1: low
2011-09-11,9,2011,0.009764487689557035,1: low
2011-09-18,9,2011,0.008896164377153121,1: low
2011-09-25,9,2011,0.008369538768326122,1: low
2011-10-02,10,2011,0.007827398522324149,1: low
2011-10-09,10,2011,0.007540251032223762,1: low
2011-10-16,10,2011,0.007778635529311062,1: low
2011-10-23,10,2011,0.008548757515679866,1: low
2011-10-30,10,2011,0.009685497136665824,1: low
2011-11-06,11,2011,0.011358555135686324,1: low
2011-11-13,11,2011,0.013939231091184376,1: low
2011-11-20,11,2011,0.01711309502751055,1: low
2011-11-27,11,2011,0.020249515678937183,1: low
2011-12-04,12,2011,0.023903274136661358,1: low
2011-12-11,12,2011,0.026888443481640895,1: low
2011-12-18,12,2011,0.029641341422064697,1: low
2011-12-25,12,2011,0.03232925554606427,1: low
2012-01-01,1,2012,0.03758692139067178,1: low
2012-01-08,1,2012,0.04412943884111864,1: low
2012-01-15,1,2012,0.055255273116359464,1: low
2012-01-22,1,2012,0.07190358581157888,1: low
2012-01-29,1,2012,0.09832415755520403,1: low
2012-02-05,2,2012,0.13065755425798795,2: med
2012-02-12,2,2012,0.16912081988187264,2: med
2012-02-19,2,2012,0.2129902763712911,3: high
2012-02-26,2,2012,0.2450746682694971,3: high
2012-03-04,3,2012,0.26548738496306007,3: high
2012-03-11,3,2012,0.2712195441255812,3: high
2012-03-18,3,2012,0.25913336209053256,3: high
2012-03-25,3,2012,0.23996480911764664,3: high
2012-04-01,4,2012,0.23201346451898744,3: high
2012-04-08,4,2012,0.21502400874958033,3: high
2012-04-15,4,2012,0.1993282127018868,2: med
2012-04-22,4,2012,0.18424086547741708,2: med
2012-04-29,4,2012,0.1651376596795325,2: med
2012-05-06,5,2012,0.14609561063036358,2: med
2012-05-13,5,2012,0.12734170175754447,2: med
2012-05-20,5,2012,0.11207454173961247,2: med
2012-05-27,5,2012,0.10005694429297067,1: low
2012-06-03,6,2012,0.08968650305132192,1: low
2012-06-10,6,2012,0.08174353333122734,1: low
2012-06-17,6,2012,0.07541934896752639,1: low
2012-06-24,6,2012,0.06797379815321025,1: low
2012-07-01,7,2012,0.06348235944889168,1: low
2012-07-08,7,2012,0.05838308005894657,1: low
2012-07-15,7,2012,0.05802356043435989,1: low
2012-07-22,7,2012,0.05792810495685981,1: low
2012-07-29,7,2012,0.06443816914354114,1: low
2012-08-05,8,2012,0.06507249054312698,1: low
2012-08-12,8,2012,0.05580771875404408,1: low
2012-08-19,8,2012,0.045927696674742696,1: low
2012-08-26,8,2012,0.03896729191526312,1: low
2012-09-02,9,2012,0.034128773312707375,1: low
2012-09-09,9,2012,0.03222641307136243,1: low
2012-09-16,9,2012,0.03218361702658778,1: low
2012-09-23,9,2012,0.03333362221781666,1: low
2012-09-30,9,2012,0.035471969774968415,1: low
2012-10-07,10,2012,0.040135244963195704,1: low
2012-10-14,10,2012,0.04796423405557685,1: low
2012-10-21,10,2012,0.05961740334423056,1: low
2012-10-28,10,2012,0.07801105517586406,1: low
2012-11-04,11,2012,0.102927012594412,1: low
2012-11-11,11,2012,0.13737636492949398,2: med
2012-11-18,11,2012,0.181384434041627,2: med
2012-11-25,11,2012,0.23416714485404577,3: high
2012-12-02,12,2012,0.2903562389019256,3: high
2012-12-09,12,2012,0.3363488637057777,3: high
2012-12-16,12,2012,0.36386260294331835,3: high
2012-12-23,12,2012,0.3684935208911727,3: high
2012-12-30,12,2012,0.3590732719361564,3: high
2013-01-06,1,2013,0.339361171047368,3: high
2013-01-13,1,2013,0.3135233521337334,3: high
2013-01-20,1,2013,0.2878117756573286,3: high
2013-01-27,1,2013,0.2620669714165941,3: high
2013-02-03,2,2013,0.237782091161323,3: high
2013-02-10,2,2013,0.21552193959260116,3: high
2013-02-17,2,2013,0.19715888895726935,2: med
2013-02-24,2,2013,0.18355241962089716,2: med
2013-03-03,3,2013,0.1740681656148655,2: med
2013-03-10,3,2013,0.1668310286782644,2: med
2013-03-17,3,2013,0.1587151052456676,2: med
2013-03-24,3,2013,0.14735485682027966,2: med
2013-03-31,3,2013,0.13264889101042923,2: med
2013-04-07,4,2013,0.11412287342852477,2: med
2013-04-14,4,2013,0.0941769403021947,1: low
2013-04-21,4,2013,0.0771770732581436,1: low
2013-04-28,4,2013,0.06253935855106284,1: low
2013-05-05,5,2013,0.05297900840586297,1: low
2013-05-12,5,2013,0.04768871853430502,1: low
2013-05-19,5,2013,0.042003174896261534,1: low
2013-05-26,5,2013,0.0395627234238437,1: low
2013-06-02,6,2013,0.038647911940044764,1: low
2013-06-09,6,2013,0.03719318338656718,1: low
2013-06-16,6,2013,0.03710498385557689,1: low
2013-06-23,6,2013,0.03699673493539252,1: low
2013-06-30,6,2013,0.036332238772938986,1: low
2013-07-07,7,2013,0.035100465511927574,1: low
2013-07-14,7,2013,0.033206289318406745,1: low
2013-07-21,7,2013,0.030342368003891194,1: low
2013-07-28,7,2013,0.029128695598451174,1: low
2013-08-04,8,2013,0.028097616488076592,1: low
2013-08-11,8,2013,0.028000259625761116,1: low
2013-08-18,8,2013,0.03004101956345298,1: low
2013-08-25,8,2013,0.03292533938520886,1: low
2013-09-01,9,2013,0.03797732862498269,1: low
2013-09-08,9,2013,0.037937342741607046,1: low
2013-09-15,9,2013,0.039221206506191465,1: low
2013-09-22,9,2013,0.03900755281136482,1: low
2013-09-29,9,2013,0.03662723201680471,1: low
2013-10-06,10,2013,0.0356285474629192,1: low
2013-10-13,10,2013,0.03488572113226067,1: low
2013-10-20,10,2013,0.037753966784500284,1: low
2013-10-27,10,2013,0.04175251451287812,1: low
2013-11-03,11,2013,0.051731546185930025,1: low
2013-11-10,11,2013,0.06855284213351755,1: low
2013-11-17,11,2013,0.09414492673492003,1: low
2013-11-24,11,2013,0.13072428812744746,2: med
2013-12-01,12,2013,0.1751938720047022,2: med
2013-12-08,12,2013,0.22478189393569895,3: high
2013-12-15,12,2013,0.2654713105839897,3: high
2013-12-22,12,2013,0.2897992243975934,3: high
2013-12-29,12,2013,0.2989800744712706,3: high
2014-01-05,1,2014,0.28951120244241163,3: high
2014-01-12,1,2014,0.26871931110803227,3: high
2014-01-19,1,2014,0.24071251366550353,3: high
2014-01-26,1,2014,0.21060109553690054,3: high
2014-02-02,2,2014,0.18096207433309705,2: med
2014-02-09,2,2014,0.15594432329679278,2: med
2014-02-16,2,2014,0.1362167320726226,2: med
2014-02-23,2,2014,0.12211072209430376,2: med
2014-03-02,3,2014,0.11456895645184974,2: med
2014-03-09,3,2014,0.1153191572112873,2: med
2014-03-16,3,2014,0.12139471952036623,2: med
2014-03-23,3,2014,0.13259469914564323,2: med
2014-03-30,3,2014,0.14142217926095646,2: med
2014-04-06,4,2014,0.148515850203964,2: med
2014-04-13,4,2014,0.14417049258472633,2: med
2014-04-20,4,2014,0.13247555821546875,2: med
2014-04-27,4,2014,0.11881025305571435,2: med
2014-05-04,5,2014,0.1079001979089597,1: low
2014-05-11,5,2014,0.09969592144811944,1: low
2014-05-18,5,2014,0.09254179751675783,1: low
2014-05-25,5,2014,0.0864006237818937,1: low
2014-06-01,6,2014,0.07591986071806164,1: low
2014-06-08,6,2014,0.06790605419408727,1: low
2014-06-15,6,2014,0.06167478266780116,1: low
2014-06-22,6,2014,0.052787036945125425,1: low
2014-06-29,6,2014,0.04764402642029725,1: low
2014-07-06,7,2014,0.04242814336039105,1: low
2014-07-13,7,2014,0.040000431549721126,1: low
2014-07-20,7,2014,0.038565057007122705,1: low
2014-07-27,7,2014,0.03612804408931849,1: low
2014-08-03,8,2014,0.035713735125290746,1: low
2014-08-10,8,2014,0.03380237234784799,1: low
2014-08-17,8,2014,0.031719626109674895,1: low
2014-08-24,8,2014,0.029271715762760615,1: low
2014-08-31,8,2014,0.029144500592029766,1: low
2014-09-07,9,2014,0.028405900077747705,1: low
2014-09-14,9,2014,0.02945278238085437,1: low
2014-09-21,9,2014,0.031085655103402426,1: low
2014-09-28,9,2014,0.03287973495902699,1: low
2014-10-05,10,2014,0.03839750713238542,1: low
2014-10-12,10,2014,0.04513748994053312,1: low
2014-10-19,10,2014,0.0542122892761979,1: low
2014-10-26,10,2014,0.06721275971797552,1: low
2014-11-02,11,2014,0.08525539603050655,1: low
2014-11-09,11,2014,0.11114535757838248,2: med
2014-11-16,11,2014,0.14618339809435307,2: med
2014-11-23,11,2014,0.19049220133193917,2: med
2014-11-30,11,2014,0.23688641077827363,3: high
2014-12-07,12,2014,0.2818205207450487,3: high
2014-12-14,12,2014,0.30479218958176163,3: high
2014-12-21,12,2014,0.3018845850167356,3: high
2014-12-28,12,2014,0.2862774797112419,3: high
2015-01-04,1,2015,0.2669162833613006,3: high
2015-01-11,1,2015,0.24655880611698894,3: high
2015-01-18,1,2015,0.22225322678928297,3: high
2015-01-25,1,2015,0.19993253871112138,2: med
2015-02-01,2,2015,0.18042887368743374,2: med
2015-02-08,2,2015,0.16236954588922017,2: med
2015-02-15,2,2015,0.1474367680669594,2: med
2015-02-22,2,2015,0.13694826680802927,2: med
2015-03-01,3,2015,0.12831832602883697,2: med
2015-03-08,3,2015,0.12269957694893763,2: med
2015-03-15,3,2015,0.11777682896040773,2: med
2015-03-22,3,2015,0.11386707053720413,2: med
2015-03-29,3,2015,0.10666580507070933,1: low
2015-04-05,4,2015,0.0983557649911436,1: low
2015-04-12,4,2015,0.08558704432268771,1: low
2015-04-19,4,2015,0.07188058445441019,1: low
2015-04-26,4,2015,0.0585064965847072,1: low
2015-05-03,5,2015,0.0483335578491412,1: low
2015-05-10,5,2015,0.0410123708293178,1: low
2015-05-17,5,2015,0.035903878311068595,1: low
2015-05-24,5,2015,0.03196972471962759,1: low
2015-05-31,5,2015,0.028943675235728994,1: low
2015-06-07,6,2015,0.0260057542344763,1: low
2015-06-14,6,2015,0.023260605738090585,1: low
2015-06-21,6,2015,0.021623794905296017,1: low
2015-06-28,6,2015,0.02017250330415308,1: low
2015-07-05,7,2015,0.01865457701451821,1: low
2015-07-12,7,2015,0.017642369672336785,1: low
2015-07-19,7,2015,0.018218512997901636,1: low
2015-07-26,7,2015,0.017684508341570492,1: low
2015-08-02,8,2015,0.01791305396542516,1: low
2015-08-09,8,2015,0.018784065789113583,1: low
2015-08-16,8,2015,0.019408709211926767,1: low
2015-08-23,8,2015,0.01977990474043243,1: low
2015-08-30,8,2015,0.020365483834751952,1: low
2015-09-06,9,2015,0.02093213265573519,1: low
2015-09-13,9,2015,0.021584560673152932,1: low
2015-09-20,9,2015,0.02116758098555033,1: low
2015-09-27,9,2015,0.02141064871683972,1: low
2015-10-04,10,2015,0.012331694661859046,1: low
2015-10-11,10,2015,0.011362279036921042,1: low
2015-10-18,10,2015,0.010959563849227258,1: low
2015-10-25,10,2015,0.010730273370022008,1: low
2015-11-01,11,2015,0.011212755523208648,1: low
2015-11-08,11,2015,0.01208326860719889,1: low
2015-11-15,11,2015,0.012880103052791955,1: low
2015-11-22,11,2015,0.01493629241752412,1: low
2015-11-29,11,2015,0.01576100283825105,1: low
2015-12-06,12,2015,0.01772298007146288,1: low
2015-12-13,12,2015,0.019858459612541988,1: low
2015-12-20,12,2015,0.022170694129532507,1: low
2015-12-27,12,2015,0.025511118416650116,1: low
2016-01-03,1,2016,0.03043243168792733,1: low
2016-01-10,1,2016,0.039484594593757444,1: low
2016-01-17,1,2016,0.05358424429224754,1: low
2016-01-24,1,2016,0.07245444162031214,1: low
2016-01-31,1,2016,0.09749961631700417,1: low
2016-02-07,2,2016,0.12748773534588553,2: med
2016-02-14,2,2016,0.15873475940015638,2: med
2016-02-21,2,2016,0.18637086374121473,2: med
2016-02-28,2,2016,0.20736007172838491,3: high
2016-03-06,3,2016,0.21677338539122795,3: high
2016-03-13,3,2016,0.2111647966293089,3: high
2016-03-20,3,2016,0.19333182654612002,2: med
2016-03-27,3,2016,0.16889669075386582,2: med
2016-04-03,4,2016,0.14422835672533693,2: med
2016-04-10,4,2016,0.12448846854661012,2: med
2016-04-17,4,2016,0.11060312555765575,2: med
2016-04-24,4,2016,0.09918002900651769,1: low
2016-05-01,5,2016,0.0873615283092359,1: low
2016-05-08,5,2016,0.07415649649032993,1: low
2016-05-15,5,2016,0.05867747203760265,1: low
2016-05-22,5,2016,0.044738784126831715,1: low
2016-05-29,5,2016,0.03395477009769149,1: low
2016-06-05,6,2016,0.026084660360646588,1: low
2016-06-12,6,2016,0.01966771293109575,1: low
2016-06-19,6,2016,0.015376436929074035,1: low
2016-06-26,6,2016,0.01166457745646167,1: low
2016-07-03,7,2016,0.010348306448279658,1: low
2016-07-10,7,2016,0.008630960414844555,1: low
2016-07-17,7,2016,0.00835454364004449,1: low
2016-07-24,7,2016,0.008309728561323561,1: low
2016-07-31,7,2016,0.008524528883042073,1: low
2016-08-07,8,2016,0.009396640485967549,1: low
2016-08-14,8,2016,0.01064187600181507,1: low
2016-08-21,8,2016,0.012469697342573782,1: low
2016-08-28,8,2016,0.014414154090208978,1: low
2016-09-04,9,2016,0.015964121586358054,1: low
2016-09-11,9,2016,0.016322537939875845,1: low
2016-09-18,9,2016,0.016567351683997103,1: low
2016-09-25,9,2016,0.016132932747586096,1: low
2016-10-02,10,2016,0.015678474324044733,1: low
2016-10-09,10,2016,0.015234478896979665,1: low
2016-10-16,10,2016,0.015190635646148191,1: low
2016-10-23,10,2016,0.016012461513516686,1: low
2016-10-30,10,2016,0.01777530314921301,1: low
2016-11-06,11,2016,0.020319814233886527,1: low
2016-11-13,11,2016,0.02440387857748905,1: low
2016-11-20,11,2016,0.03030418214183171,1: low
2016-11-27,11,2016,0.03856886169587358,1: low
2016-12-04,12,2016,0.051429192743426985,1: low
2016-12-11,12,2016,0.07049612151845452,1: low
2016-12-18,12,2016,0.09438151731477042,1: low
2016-12-25,12,2016,0.12071023936613538,2: med
2017-01-01,1,2017,0.14566243919671237,2: med
2017-01-08,1,2017,0.16655859536959552,2: med
2017-01-15,1,2017,0.18407358497478876,2: med
2017-01-22,1,2017,0.20122531659638931,3: high
2017-01-29,1,2017,0.21380002428831446,3: high
2017-02-05,2,2017,0.22415834640329504,3: high
2017-02-12,2,2017,0.23055996341863186,3: high
2017-02-19,2,2017,0.231603318657378,3: high
2017-02-26,2,2017,0.2255554552073111,3: high
2017-03-05,3,2017,0.2158104244515432,3: high
2017-03-12,3,2017,0.20262943491753307,3: high
2017-03-19,3,2017,0.1867858663803509,2: med
2017-03-26,3,2017,0.16616732091564992,2: med
2017-04-02,4,2017,0.14486446624766997,2: med
2017-04-09,4,2017,0.12385568280324097,2: med
2017-04-16,4,2017,0.10281462764261162,1: low
2017-04-23,4,2017,0.08154956255985212,1: low
2017-04-30,4,2017,0.06392334293421888,1: low
2017-05-07,5,2017,0.05224140914545462,1: low
2017-05-14,5,2017,0.04505860501976623,1: low
2017-05-21,5,2017,0.04183139171055041,1: low
2017-05-28,5,2017,0.03868377304214769,1: low
2017-06-04,6,2017,0.03505074742162397,1: low
2017-06-11,6,2017,0.030504251600742122,1: low
2017-06-18,6,2017,0.027533590790302414,1: low
2017-06-25,6,2017,0.0241073790602345,1: low
2017-07-02,7,2017,0.023324044820573934,1: low
2017-07-09,7,2017,0.02125365478627717,1: low
2017-07-16,7,2017,0.019840487492312802,1: low
2017-07-23,7,2017,0.01819022273463718,1: low
2017-07-30,7,2017,0.01775174663080594,1: low
2017-08-06,8,2017,0.017063880995723556,1: low
2017-08-13,8,2017,0.016480059577179376,1: low
2017-08-20,8,2017,0.016219778622220505,1: low
2017-08-27,8,2017,0.016416162309709985,1: low
2017-09-03,9,2017,0.01696347545499745,1: low
2017-09-10,9,2017,0.017702027069771583,1: low
2017-09-17,9,2017,0.0190504976697885,1: low
2017-09-24,9,2017,0.020526647655195178,1: low
2017-10-01,10,2017,0.021161062066868637,1: low
2017-10-08,10,2017,0.022045406743095436,1: low
2017-10-15,10,2017,0.023300196128377342,1: low
2017-10-22,10,2017,0.025265380030265596,1: low
2017-10-29,10,2017,0.02946598627660519,1: low
2017-11-05,11,2017,0.03633532328566521,1: low
2017-11-12,11,2017,0.048495214192731624,1: low
2017-11-19,11,2017,0.06836865049559841,1: low
2017-11-26,11,2017,0.09316725881512476,1: low
2017-12-03,12,2017,0.1291189371439125,2: med
2017-12-10,12,2017,0.16427637434996573,2: med
2017-12-17,12,2017,0.20289121402731647,3: high
2017-12-24,12,2017,0.23360207161199073,3: high
2017-12-31,12,2017,0.2559001172822259,3: high
2018-01-07,1,2018,0.2716235069792321,3: high
2018-01-14,1,2018,0.28077515484115007,3: high
2018-01-21,1,2018,0.28345130268635776,3: high
2018-01-28,1,2018,0.27863277704399597,3: high
2018-02-04,2,2018,0.26438108033095387,3: high
2018-02-11,2,2018,0.2428668133747834,3: high
2018-02-18,2,2018,0.21764357130187492,3: high
2018-02-25,2,2018,0.1936023950465282,2: med
2018-03-04,3,2018,0.17492927709113038,2: med
2018-03-11,3,2018,0.1609508027371228,2: med
2018-03-18,3,2018,0.15004618891648142,2: med
2018-03-25,3,2018,0.13957369864804559,2: med
2018-04-01,4,2018,0.1273958430880619,2: med
2018-04-08,4,2018,0.11392466591417968,2: med
2018-04-15,4,2018,0.0983651320156935,1: low
2018-04-22,4,2018,0.07966929339993249,1: low
2018-04-29,4,2018,0.06111005210334406,1: low
2018-05-06,5,2018,0.044283686292342445,1: low
2018-05-13,5,2018,0.030778632189048027,1: low
2018-05-20,5,2018,0.022302094291067033,1: low
2018-05-27,5,2018,0.017458391406595847,1: low
2018-06-03,6,2018,0.01457762046963678,1: low
2018-06-10,6,2018,0.01300371806751869,1: low
2018-06-17,6,2018,0.011532656529356852,1: low
2018-06-24,6,2018,0.010861911750673555,1: low
2018-07-01,7,2018,0.010203637487116047,1: low
2018-07-08,7,2018,0.009521499044400432,1: low
2018-07-15,7,2018,0.009204201740452854,1: low
2018-07-22,7,2018,0.009221981280841158,1: low
2018-07-29,7,2018,0.009618032678538783,1: low
2018-08-05,8,2018,0.010060200747859589,1: low
2018-08-12,8,2018,0.011010698901959406,1: low
2018-08-19,8,2018,0.012491540138291016,1: low
2018-08-26,8,2018,0.014506382916829224,1: low
2018-09-02,9,2018,0.015653667378274637,1: low
2018-09-09,9,2018,0.01580913506661938,1: low
2018-09-16,9,2018,0.016938350438796077,1: low
2018-09-23,9,2018,0.016836706027589018,1: low
2018-09-30,9,2018,0.01784719095570396,1: low
2018-10-07,10,2018,0.017841792320048247,1: low
2018-10-14,10,2018,0.018902604555212622,1: low
2018-10-21,10,2018,0.02021286211373298,1: low
2018-10-28,10,2018,0.02213614047612237,1: low
2018-11-04,11,2018,0.02516312100278578,1: low
2018-11-11,11,2018,0.03009639553518209,1: low
2018-11-18,11,2018,0.03908479682397451,1: low
2018-11-25,11,2018,0.05178660086729463,1: low
2018-12-02,12,2018,0.07071609858041504,1: low
2018-12-09,12,2018,0.09601070087964493,1: low
2018-12-16,12,2018,0.12058484498063846,2: med
2018-12-23,12,2018,0.13867136747439848,2: med
2018-12-30,12,2018,0.14951377067751662,2: med
2019-01-06,1,2019,0.16075557810299382,2: med
2019-01-13,1,2019,0.17156642933338231,2: med
2019-01-20,1,2019,0.1863125749889023,2: med
2019-01-27,1,2019,0.20720218526485867,3: high
2019-02-03,2,2019,0.23192268033002775,3: high
2019-02-10,2,2019,0.2553186751415369,3: high
2019-02-17,2,2019,0.2719960711481686,3: high
2019-02-24,2,2019,0.276196642096447,3: high
2019-03-03,3,2019,0.269321571689974,3: high
2019-03-10,3,2019,0.2520622271590458,3: high
2019-03-17,3,2019,0.22201011746766608,3: high
2019-03-24,3,2019,0.18752783896519487,2: med
2019-03-31,3,2019,0.1467245700348879,2: med
2019-04-07,4,2019,0.11632679717265222,2: med
2019-04-14,4,2019,0.08711287586283978,1: low
2019-04-21,4,2019,0.06560561182065086,1: low
2019-04-28,4,2019,0.05046897396087687,1: low
2019-05-05,5,2019,0.040753032060712166,1: low
2019-05-12,5,2019,0.034305716237477045,1: low
2019-05-19,5,2019,0.030580199116933843,1: low
2019-05-26,5,2019,0.02800620673750427,1: low
2019-06-02,6,2019,0.026246392175969795,1: low
2019-06-09,6,2019,0.025223951319863457,1: low
2019-06-16,6,2019,0.023817391261596044,1: low
2019-06-23,6,2019,0.023135706516324902,1: low
2019-06-30,6,2019,0.021525764983489758,1: low
2019-07-07,7,2019,0.02025141071709621,1: low
2019-07-14,7,2019,0.019072144377808752,1: low
2019-07-21,7,2019,0.019658789836690914,1: low
2019-07-28,7,2019,0.020747107169342697,1: low
2019-08-04,8,2019,0.02299985482770661,1: low
2019-08-11,8,2019,0.026437272919591328,1: low
2019-08-18,8,2019,0.031104139535609757,1: low
2019-08-25,8,2019,0.03343426429070322,1: low
2019-09-01,9,2019,0.031314098806121016,1: low
2019-09-08,9,2019,0.02545271491649112,1: low
2019-09-15,9,2019,0.02136894651452281,1: low
2019-09-22,9,2019,0.018527521058560644,1: low
2019-09-29,9,2019,0.01650531391673846,1: low
2019-10-06,10,2019,0.01759691052571705,1: low
2019-10-13,10,2019,0.0203139572574212,1: low
2019-10-20,10,2019,0.025323357193207555,1: low
2019-10-27,10,2019,0.032955172134127624,1: low
2019-11-03,11,2019,0.046015770014492384,1: low
2019-11-10,11,2019,0.06327494594551518,1: low
2019-11-17,11,2019,0.0847700774458072,1: low
2019-11-24,11,2019,0.11105732495627825,2: med
2019-12-01,12,2019,0.1432307802245409,2: med
2019-12-08,12,2019,0.17614179830943522,2: med
2019-12-15,12,2019,0.20755551745822895,3: high
2019-12-22,12,2019,0.231831229362702,3: high
2019-12-29,12,2019,0.24960470108597355,3: high
2020-01-05,1,2020,0.26190182464796724,3: high
2020-01-12,1,2020,0.2694235787444846,3: high
2020-01-19,1,2020,0.27483526032562844,3: high
2020-01-26,1,2020,0.28108740005249866,3: high
2020-02-02,2,2020,0.2922759393753586,3: high
2020-02-09,2,2020,0.30420253563842625,3: high
2020-02-16,2,2020,0.3046748986152928,3: high
2020-02-23,2,2020,0.27549730231659986,3: high
2020-03-01,3,2020,0.21196317373634221,3: high
2020-03-08,3,2020,0.1377524627155803,2: med
2020-03-15,3,2020,0.07575084225145857,1: low
2020-03-22,3,2020,0.03560892190470494,1: low
2020-03-29,3,2020,0.016086961236460726,1: low
2020-04-05,4,2020,0.007101854824368769,1: low
2020-04-12,4,2020,0.0034332680035405053,1: low
2020-04-19,4,2020,0.0019446467349151315,1: low
2020-04-26,4,2020,0.0014255805518299353,1: low
2020-05-03,5,2020,0.0012141799538790408,1: low
2020-05-10,5,2020,0.0013390505999326709,1: low
2020-05-17,5,2020,0.0017083838438627312,1: low
2020-05-24,5,2020,0.00242031096299997,1: low
2020-05-31,5,2020,0.0032850408835016632,1: low
2020-06-07,6,2020,0.003950774663833884,1: low
2020-06-14,6,2020,0.003907624547321881,1: low
2020-06-21,6,2020,0.0033157821324314497,1: low
2020-06-28,6,2020,0.002600980902972431,1: low
2020-07-05,7,2020,0.0020629390709564015,1: low
2020-07-12,7,2020,0.0016899785494254192,1: low
2020-07-19,7,2020,0.0015739621813186174,1: low
2020-07-26,7,2020,0.0017134408980714352,1: low
2020-08-02,8,2020,0.001885840219911677,1: low
2020-08-09,8,2020,0.0019652153788620903,1: low
2020-08-16,8,2020,0.0019750728230499173,1: low
2020-08-23,8,2020,0.0021890962570819948,1: low
2020-08-30,8,2020,0.0024249551906541634,1: low
2020-09-06,9,2020,0.0027487920545764496,1: low
2020-09-13,9,2020,0.002979011163386099,1: low
2020-09-20,9,2020,0.0030787979742113118,1: low
2020-09-27,9,2020,0.0032250311876193603,1: low
2020-10-04,10,2020,0.0032479184806050707,1: low
2020-10-11,10,2020,0.0032242983487280807,1: low
2020-10-18,10,2020,0.002982156807299383,1: low
2020-10-25,10,2020,0.0024737656239069575,1: low
2020-11-01,11,2020,0.002115663508436998,1: low
2020-11-08,11,2020,0.0019173286713020934,1: low
2020-11-15,11,2020,0.0018786804605010136,1: low
2020-11-22,11,2020,0.0021226162522728553,1: low
2020-11-29,11,2020,0.0021615048851126332,1: low
2020-12-06,12,2020,0.0025413787899410687,1: low
2020-12-13,12,2020,0.002698835151488037,1: low
2020-12-20,12,2020,0.0027723986874582936,1: low
2020-12-27,12,2020,0.0027645809111757954,1: low
2021-01-03,1,2021,0.002421587325474455,1: low
2021-01-10,1,2021,0.002165541485465348,1: low
2021-01-17,1,2021,0.002033094102413028,1: low
2021-01-24,1,2021,0.0018112946915025709,1: low
2021-01-31,1,2021,0.0016004710973180074,1: low
2021-02-07,2,2021,0.0014628374111067403,1: low
2021-02-14,2,2021,0.001281088375738956,1: low
2021-02-21,2,2021,0.0012512912219664288,1: low
2021-02-28,2,2021,0.001163680661968466,1: low
2021-03-07,3,2021,0.0010631563674765583,1: low
2021-03-14,3,2021,9.789401962972766e-4,1: low
2021-03-21,3,2021,8.800921054586228e-4,1: low
2021-03-28,3,2021,8.20702475975409e-4,1: low
2021-04-04,4,2021,7.528706591729815e-4,1: low
2021-04-11,4,2021,7.276316084572704e-4,1: low
2021-04-18,4,2021,7.440810360284332e-4,1: low
2021-04-25,4,2021,8.257914321013649e-4,1: low
2021-05-02,5,2021,9.853433825214599e-4,1: low
2021-05-09,5,2021,0.001168581162715539,1: low
2021-05-16,5,2021,0.0013036403672143414,1: low
2021-05-23,5,2021,0.0013367214665146177,1: low
2021-05-30,5,2021,0.0012426477214861308,1: low
2021-06-06,6,2021,0.0011015096290340044,1: low
2021-06-13,6,2021,0.0010016964932600954,1: low
2021-06-20,6,2021,9.562342432950829e-4,1: low
2021-06-27,6,2021,8.651615910286235e-4,1: low
2021-07-04,7,2021,8.277577751463027e-4,1: low
2021-07-11,7,2021,8.634409604369972e-4,1: low
2021-07-18,7,2021,9.309419560821573e-4,1: low
2021-07-25,7,2021,8.963617755239017e-4,1: low
2021-08-01,8,2021,7.53915110251195e-4,1: low
2021-08-08,8,2021,6.10693044941908e-4,1: low
2021-08-15,8,2021,5.476895231521723e-4,1: low
2021-08-22,8,2021,5.295289549126436e-4,1: low
2021-08-29,8,2021,5.844971122518341e-4,1: low
2021-09-05,9,2021,7.40317619094452e-4,1: low
2021-09-12,9,2021,9.368652285716888e-4,1: low
2021-09-19,9,2021,0.0011494797889393903,1: low
2021-09-26,9,2021,0.0012184361273871569,1: low
2021-10-03,10,2021,0.0012165347048316458,1: low
2021-10-10,10,2021,0.0011105134611154993,1: low
2021-10-17,10,2021,0.0011290908337147194,1: low
2021-10-24,10,2021,0.0014047830095282627,1: low
2021-10-31,10,2021,0.00231339949266165,1: low
2021-11-07,11,2021,0.004720068364269891,1: low
2021-11-14,11,2021,0.01011514575911546,1: low
2021-11-21,11,2021,0.020341585243279132,1: low
2021-11-28,11,2021,0.034265440148573155,1: low
2021-12-05,12,2021,0.045898193003001055,1: low
2021-12-12,12,2021,0.051275148359845917,1: low
2021-12-19,12,2021,0.0510476363754361,1: low
2021-12-26,12,2021,0.04708139299315622,1: low
