census_division,dt3,states,YEAR,WEEK,num_test,num_pos,pp2,num_test_p1,no_tests,test_lt_100,lb,ub,ub2,p1,p2,gte5,diff_lag1_pp,diff_lag2_pp,runsum,start_flu_season,end_flu_season
West,2015-10-04,"Colorado, Montana, Utah, Wyoming, New Mexico, Arizona, California, Hawaii, Nevada, Alaska, Idaho, Oregon, Washington",2015,40,2246,32,0.014247551202137132,2247,FALSE,FALSE,0.009765183529318244,0.02005421656983486,0.02005421656983486,37.32307143810025,0.016617574104229853,0,NA,NA,NA,NA,NA
West,2015-10-11,"Colorado, Montana, Utah, Wyoming, New Mexico, Arizona, California, Hawaii, Nevada, Alaska, Idaho, Oregon, Washington",2015,41,2242,34,0.015165031222123104,2243,FALSE,FALSE,0.010524487021616742,0.02112765171518549,0.02112765171518549,23.929274721621827,0.010673182302239887,0,0,NA,NA,NA,NA
West,2015-10-18,"Colorado, Montana, Utah, Wyoming, New Mexico, Arizona, California, Hawaii, Nevada, Alaska, Idaho, Oregon, Washington",2015,42,2283,11,0.004818221638195357,2284,FALSE,FALSE,0.002407618570836114,0.008604739291429686,0.008604739291429686,16.323383815573592,0.0071499710098876885,0,0,0,NA,NA,NA
West,2015-10-25,"Colorado, Montana, Utah, Wyoming, New Mexico, Arizona, California, Hawaii, Nevada, Alaska, Idaho, Oregon, Washington",2015,43,2436,9,0.003694581280788177,2437,FALSE,FALSE,0.001690746858620868,0.007001830674013165,0.007001830674013165,12.69287546015382,0.005210540008273325,0,0,0,0,0,0
West,2015-11-01,"Colorado, Montana, Utah, Wyoming, New Mexico, Arizona, California, Hawaii, Nevada, Alaska, Idaho, Oregon, Washington",2015,44,2726,20,0.007336757153338224,2727,FALSE,FALSE,0.004487073171246738,0.011308387882650206,0.011308387882650206,11.74462598865254,0.004308373436776427,0,0,0,0,0,0
West,2015-11-08,"Colorado, Montana, Utah, Wyoming, New Mexico, Arizona, California, Hawaii, Nevada, Alaska, Idaho, Oregon, Washington",2015,45,2830,16,0.005653710247349823,2831,FALSE,FALSE,0.0032349338672471688,0.00916507514123266,0.00916507514123266,11.91089289884958,0.004208796077332007,0,0,0,0,0,0
West,2015-11-15,"Colorado, Montana, Utah, Wyoming, New Mexico, Arizona, California, Hawaii, Nevada, Alaska, Idaho, Oregon, Washington",2015,46,2932,7,0.0023874488403819918,2933,FALSE,FALSE,9.604002267416982e-4,0.004912832388206654,0.004912832388206654,14.23621077907886,0.00485546070227792,0,0,0,0,0,0
West,2015-11-22,"Colorado, Montana, Utah, Wyoming, New Mexico, Arizona, California, Hawaii, Nevada, Alaska, Idaho, Oregon, Washington",2015,47,2865,11,0.0038394415357766143,2866,FALSE,FALSE,0.0019181458554732962,0.006859413668636516,0.006859413668636516,18.157963741647034,0.006337858199527761,0,0,0,0,0,0
West,2015-11-29,"Colorado, Montana, Utah, Wyoming, New Mexico, Arizona, California, Hawaii, Nevada, Alaska, Idaho, Oregon, Washington",2015,48,3285,38,0.01156773211567732,3286,FALSE,FALSE,0.008198662174897836,0.015843355296543904,0.015843355296543904,29.40273264586541,0.008950603545164509,0,0,0,0,0,0
West,2015-12-06,"Colorado, Montana, Utah, Wyoming, New Mexico, Arizona, California, Hawaii, Nevada, Alaska, Idaho, Oregon, Washington",2015,49,3207,34,0.010601808543810414,3208,FALSE,FALSE,0.007352923212894963,0.01478372085693258,0.01478372085693258,41.938898975861036,0.013077299337655453,0,0,0,0,0,0
West,2015-12-13,"Colorado, Montana, Utah, Wyoming, New Mexico, Arizona, California, Hawaii, Nevada, Alaska, Idaho, Oregon, Washington",2015,50,3156,63,0.019961977186311788,3157,FALSE,FALSE,0.015372575124890667,0.025468596395867182,0.025468596395867182,60.03316008016338,0.01902191384035595,0,0,0,0,0,0
West,2015-12-20,"Colorado, Montana, Utah, Wyoming, New Mexico, Arizona, California, Hawaii, Nevada, Alaska, Idaho, Oregon, Washington",2015,51,3191,87,0.027264180507677843,3192,FALSE,FALSE,0.021893815411717324,0.03352273366306435,0.03352273366306435,86.95320169062995,0.02724951478866498,0,0,0,0,0,0
West,2015-12-27,"Colorado, Montana, Utah, Wyoming, New Mexico, Arizona, California, Hawaii, Nevada, Alaska, Idaho, Oregon, Washington",2015,52,3748,129,0.03441835645677695,3749,FALSE,FALSE,0.028814203918988954,0.04076280878832006,0.04076280878832006,143.6102234467319,0.03831649504982175,0,0,0,0,0,0
West,2016-01-03,"Colorado, Montana, Utah, Wyoming, New Mexico, Arizona, California, Hawaii, Nevada, Alaska, Idaho, Oregon, Washington",2016,1,4161,251,0.06032203797164143,4162,FALSE,FALSE,0.05327864671810611,0.06799022924496989,0.06799022924496989,219.32443426729756,0.05270954921107848,1,1,1,1,0,0
West,2016-01-10,"Colorado, Montana, Utah, Wyoming, New Mexico, Arizona, California, Hawaii, Nevada, Alaska, Idaho, Oregon, Washington",2016,2,4072,297,0.07293713163064833,4073,FALSE,FALSE,0.06513614412087917,0.0813572751472843,0.0813572751472843,287.89326388435404,0.07070070331148184,1,0,1,2,1,0
West,2016-01-17,"Colorado, Montana, Utah, Wyoming, New Mexico, Arizona, California, Hawaii, Nevada, Alaska, Idaho, Oregon, Washington",2016,3,4558,433,0.0949978060552874,4559,FALSE,FALSE,0.08663737164235207,0.10388115647582596,0.10388115647582596,420.07432405916836,0.09216198421657928,1,0,0,1,0,0
West,2016-01-24,"Colorado, Montana, Utah, Wyoming, New Mexico, Arizona, California, Hawaii, Nevada, Alaska, Idaho, Oregon, Washington",2016,4,5106,546,0.10693301997649823,5107,FALSE,FALSE,0.0985852699918956,0.11573304575818999,0.11573304575818999,594.1914900288934,0.11637122797275626,1,0,0,0,0,0
West,2016-01-31,"Colorado, Montana, Utah, Wyoming, New Mexico, Arizona, California, Hawaii, Nevada, Alaska, Idaho, Oregon, Washington",2016,5,5740,743,0.1294425087108014,5741,FALSE,FALSE,0.12086116321129396,0.1384024020188177,0.1384024020188177,814.309658529674,0.14186579416893275,1,0,0,0,0,0
West,2016-02-07,"Colorado, Montana, Utah, Wyoming, New Mexico, Arizona, California, Hawaii, Nevada, Alaska, Idaho, Oregon, Washington",2016,6,6559,1197,0.1824973319103522,6560,FALSE,FALSE,0.17321617501581718,0.19206165628596272,0.19206165628596272,1091.586696493465,0.16642578083449688,1,0,0,0,0,0
West,2016-02-14,"Colorado, Montana, Utah, Wyoming, New Mexico, Arizona, California, Hawaii, Nevada, Alaska, Idaho, Oregon, Washington",2016,7,7326,1392,0.19000819000819,7327,FALSE,FALSE,0.18108122142871894,0.19918250838826546,0.19918250838826546,1372.6379966736947,0.18736527391123323,1,0,0,0,0,0
West,2016-02-21,"Colorado, Montana, Utah, Wyoming, New Mexico, Arizona, California, Hawaii, Nevada, Alaska, Idaho, Oregon, Washington",2016,8,7613,1457,0.19138316038355443,7614,FALSE,FALSE,0.18260014205144964,0.2004030987795683,0.2004030987795683,1540.9857185607323,0.20241504250108133,1,0,0,0,0,0
West,2016-02-28,"Colorado, Montana, Utah, Wyoming, New Mexico, Arizona, California, Hawaii, Nevada, Alaska, Idaho, Oregon, Washington",2016,9,7983,1726,0.21620944507077539,7984,FALSE,FALSE,0.20722136649090464,0.22540515482460843,0.22540515482460843,1676.2751450164544,0.2099806019061073,1,0,0,0,0,0
West,2016-03-06,"Colorado, Montana, Utah, Wyoming, New Mexico, Arizona, California, Hawaii, Nevada, Alaska, Idaho, Oregon, Washington",2016,10,7405,1602,0.2163403106009453,7406,FALSE,FALSE,0.20700769345436038,0.22589673635617802,0.22589673635617802,1549.9615302026216,0.20931283324815958,1,0,0,0,0,0
West,2016-03-13,"Colorado, Montana, Utah, Wyoming, New Mexico, Arizona, California, Hawaii, Nevada, Alaska, Idaho, Oregon, Washington",2016,11,7365,1378,0.18710115410726408,7366,FALSE,FALSE,0.17825170017435513,0.1961989636442517,0.1961989636442517,1477.5998451503276,0.20062455467078447,1,0,0,0,0,0
West,2016-03-20,"Colorado, Montana, Utah, Wyoming, New Mexico, Arizona, California, Hawaii, Nevada, Alaska, Idaho, Oregon, Washington",2016,12,6489,1217,0.18754815842194483,6490,FALSE,FALSE,0.17811551674611664,0.19726245290811562,0.19726245290811562,1200.0698010360773,0.1849390970929384,1,0,0,0,0,0
West,2016-03-27,"Colorado, Montana, Utah, Wyoming, New Mexico, Arizona, California, Hawaii, Nevada, Alaska, Idaho, Oregon, Washington",2016,13,5767,964,0.16715796774752906,5768,FALSE,FALSE,0.1576116427961446,0.1770422699191263,0.1770422699191263,945.185763197311,0.16389557190867193,1,0,0,0,0,0
West,2016-04-03,"Colorado, Montana, Utah, Wyoming, New Mexico, Arizona, California, Hawaii, Nevada, Alaska, Idaho, Oregon, Washington",2016,14,4779,711,0.1487758945386064,4780,FALSE,FALSE,0.13879865437485248,0.15918424959494837,0.15918424959494837,667.0515357344683,0.13957973126898268,1,0,0,0,0,0
West,2016-04-10,"Colorado, Montana, Utah, Wyoming, New Mexico, Arizona, California, Hawaii, Nevada, Alaska, Idaho, Oregon, Washington",2016,15,4276,441,0.10313376987839101,4277,FALSE,FALSE,0.09417444509979539,0.11263924603045794,0.11263924603045794,488.26394277682186,0.11418707735660007,1,0,0,0,0,0
West,2016-04-17,"Colorado, Montana, Utah, Wyoming, New Mexico, Arizona, California, Hawaii, Nevada, Alaska, Idaho, Oregon, Washington",2016,16,3645,334,0.0916323731138546,3646,FALSE,FALSE,0.08245945216457248,0.1014660601890166,0.1014660601890166,327.37587744647465,0.08981505554087096,1,0,0,0,0,0
West,2016-04-24,"Colorado, Montana, Utah, Wyoming, New Mexico, Arizona, California, Hawaii, Nevada, Alaska, Idaho, Oregon, Washington",2016,17,3359,220,0.06549568323905924,3360,FALSE,FALSE,0.057361541127771934,0.07439578150064663,0.07439578150064663,229.92429991716384,0.06845022325607736,1,0,0,0,0,0
West,2016-05-01,"Colorado, Montana, Utah, Wyoming, New Mexico, Arizona, California, Hawaii, Nevada, Alaska, Idaho, Oregon, Washington",2016,18,2895,164,0.056649395509499136,2896,FALSE,FALSE,0.04850748893994964,0.06570117520264751,0.06570117520264751,147.7905155896444,0.051050264452381484,1,0,0,0,0,0
West,2016-05-08,"Colorado, Montana, Utah, Wyoming, New Mexico, Arizona, California, Hawaii, Nevada, Alaska, Idaho, Oregon, Washington",2016,19,2542,88,0.03461841070023604,2543,FALSE,FALSE,0.027855668617895214,0.04247856097651803,0.04247856097651803,95.65294886657475,0.03762901214263365,0,-1,-1,-1,0,0
West,2016-05-15,"Colorado, Montana, Utah, Wyoming, New Mexico, Arizona, California, Hawaii, Nevada, Alaska, Idaho, Oregon, Washington",2016,20,2341,66,0.028193079880392994,2342,FALSE,FALSE,0.0218701292123719,0.03573026574197924,0.03573026574197924,64.81156831421725,0.027685420040246586,0,0,-1,-2,0,1
West,2016-05-22,"Colorado, Montana, Utah, Wyoming, New Mexico, Arizona, California, Hawaii, Nevada, Alaska, Idaho, Oregon, Washington",2016,21,2146,49,0.022833178005591797,2147,FALSE,FALSE,0.01693871555309679,0.030075344139878446,0.030075344139878446,44.05736288973718,0.020529992026904555,0,0,0,-1,0,0
West,2016-05-29,"Colorado, Montana, Utah, Wyoming, New Mexico, Arizona, California, Hawaii, Nevada, Alaska, Idaho, Oregon, Washington",2016,22,1941,21,0.010819165378670788,1942,FALSE,FALSE,0.006709360330171512,0.016490921383387702,0.016490921383387702,30.063778161760844,0.015488808944750564,0,0,0,0,0,0
West,2016-06-05,"Colorado, Montana, Utah, Wyoming, New Mexico, Arizona, California, Hawaii, Nevada, Alaska, Idaho, Oregon, Washington",2016,23,1674,30,0.017921146953405017,1675,FALSE,FALSE,0.012123160738517913,0.025485367711878704,0.025485367711878704,20.08946339987821,0.012000874193475633,0,0,0,0,0,0
West,2016-06-12,"Colorado, Montana, Utah, Wyoming, New Mexico, Arizona, California, Hawaii, Nevada, Alaska, Idaho, Oregon, Washington",2016,24,1657,13,0.007845503922751962,1658,FALSE,FALSE,0.004183821185011644,0.01337868454254354,0.01337868454254354,15.97239014402787,0.009639342271591954,0,0,0,0,0,0
West,2016-06-19,"Colorado, Montana, Utah, Wyoming, New Mexico, Arizona, California, Hawaii, Nevada, Alaska, Idaho, Oregon, Washington",2016,25,1502,10,0.006657789613848202,1503,FALSE,FALSE,0.0031971495582963504,0.012209725351522982,0.012209725351522982,12.148191461528544,0.008088010293960415,0,0,0,0,0,0
West,2016-06-26,"Colorado, Montana, Utah, Wyoming, New Mexico, Arizona, California, Hawaii, Nevada, Alaska, Idaho, Oregon, Washington",2016,26,1452,11,0.007575757575757576,1453,FALSE,FALSE,0.003787680364103185,0.013514607220842634,0.013514607220842634,10.272207241791815,0.007074522893796016,0,0,0,0,0,0
West,2016-07-03,"Colorado, Montana, Utah, Wyoming, New Mexico, Arizona, California, Hawaii, Nevada, Alaska, Idaho, Oregon, Washington",2016,27,1206,5,0.0041459369817578775,1207,FALSE,FALSE,0.0013475031061805024,0.009648509590729493,0.009648509590729493,7.737414606437099,0.006415766672004228,0,0,0,0,0,0
West,2016-07-10,"Colorado, Montana, Utah, Wyoming, New Mexico, Arizona, California, Hawaii, Nevada, Alaska, Idaho, Oregon, Washington",2016,28,1443,10,0.00693000693000693,1444,FALSE,FALSE,0.00332806276623531,0.01270749043531394,0.01270749043531394,8.657560701017156,0.005999695565500454,0,0,0,0,0,0
West,2016-07-17,"Colorado, Montana, Utah, Wyoming, New Mexico, Arizona, California, Hawaii, Nevada, Alaska, Idaho, Oregon, Washington",2016,29,1480,12,0.008108108108108109,1481,FALSE,FALSE,0.004196392683495821,0.014120359015845407,0.014120359015845407,8.51632104393091,0.005754270975628993,0,0,0,0,0,0
West,2016-07-24,"Colorado, Montana, Utah, Wyoming, New Mexico, Arizona, California, Hawaii, Nevada, Alaska, Idaho, Oregon, Washington",2016,30,1329,5,0.003762227238525207,1330,FALSE,FALSE,0.0012226788675121334,0.008757774998953582,0.008757774998953582,7.4958066651119815,0.005640185602040618,0,0,0,0,0,0
West,2016-07-31,"Colorado, Montana, Utah, Wyoming, New Mexico, Arizona, California, Hawaii, Nevada, Alaska, Idaho, Oregon, Washington",2016,31,1318,9,0.006828528072837633,1319,FALSE,FALSE,0.003127052087423003,0.012922934795009944,0.012922934795009944,7.439433311283853,0.0056444865791228024,0,0,0,0,0,0
West,2016-08-07,"Colorado, Montana, Utah, Wyoming, New Mexico, Arizona, California, Hawaii, Nevada, Alaska, Idaho, Oregon, Washington",2016,32,1235,9,0.0072874493927125505,1236,FALSE,FALSE,0.0033375421705777795,0.013788590990741811,0.013788590990741811,7.117364558268707,0.005763048225318791,0,0,0,0,0,0
West,2016-08-14,"Colorado, Montana, Utah, Wyoming, New Mexico, Arizona, California, Hawaii, Nevada, Alaska, Idaho, Oregon, Washington",2016,33,1410,1,7.092198581560284e-4,1411,FALSE,FALSE,1.795573098137238e-5,0.003945120077181799,0.003945120077181799,8.457942572965907,0.005998540831890714,0,0,0,0,0,0
West,2016-08-21,"Colorado, Montana, Utah, Wyoming, New Mexico, Arizona, California, Hawaii, Nevada, Alaska, Idaho, Oregon, Washington",2016,34,1348,9,0.0066765578635014835,1349,FALSE,FALSE,0.0030573582627613587,0.012636196694506663,0.012636196694506663,8.576761796418452,0.006362582935028525,0,0,0,0,0,0
West,2016-08-28,"Colorado, Montana, Utah, Wyoming, New Mexico, Arizona, California, Hawaii, Nevada, Alaska, Idaho, Oregon, Washington",2016,35,1621,14,0.00863664404688464,1622,FALSE,FALSE,0.004729546060050631,0.014448402707597285,0.014448402707597285,11.168728534402364,0.006890023771994056,0,0,0,0,0,0
West,2016-09-04,"Colorado, Montana, Utah, Wyoming, New Mexico, Arizona, California, Hawaii, Nevada, Alaska, Idaho, Oregon, Washington",2016,36,1627,11,0.006760909649661954,1628,FALSE,FALSE,0.0033797108816722692,0.012064865371162248,0.012064865371162248,12.427039046792677,0.0076380080189260464,0,0,0,0,0,0
West,2016-09-11,"Colorado, Montana, Utah, Wyoming, New Mexico, Arizona, California, Hawaii, Nevada, Alaska, Idaho, Oregon, Washington",2016,37,1911,17,0.008895866038723181,1912,FALSE,FALSE,0.005190464531176141,0.014205050805619512,0.014205050805619512,16.609084049866226,0.008691305101970814,0,0,0,0,0,0
West,2016-09-18,"Colorado, Montana, Utah, Wyoming, New Mexico, Arizona, California, Hawaii, Nevada, Alaska, Idaho, Oregon, Washington",2016,38,2054,34,0.016553067185978577,2055,FALSE,FALSE,0.01149001713259399,0.023055037436020775,0.023055037436020775,20.904546399680626,0.010177481207244706,0,0,0,0,0,0
West,2016-09-25,"Colorado, Montana, Utah, Wyoming, New Mexico, Arizona, California, Hawaii, Nevada, Alaska, Idaho, Oregon, Washington",2016,39,2255,33,0.014634146341463415,2256,FALSE,FALSE,0.010094318437002038,0.020490881067448785,0.020490881067448785,27.489933436374166,0.012190657843181449,0,0,0,0,0,0
West,2016-10-02,"Colorado, Montana, Utah, Wyoming, New Mexico, Arizona, California, Hawaii, Nevada, Alaska, Idaho, Oregon, Washington",2016,40,2500,29,0.0116,2501,FALSE,FALSE,0.007782086221040992,0.016617345140450324,0.016617345140450324,36.64413342400084,0.014657653369600336,0,0,0,0,0,0
West,2016-10-09,"Colorado, Montana, Utah, Wyoming, New Mexico, Arizona, California, Hawaii, Nevada, Alaska, Idaho, Oregon, Washington",2016,41,2641,28,0.010602044680045438,2642,FALSE,FALSE,0.007056220631268785,0.015286703695523984,0.015286703695523984,45.80204017769641,0.01734268844289906,0,0,0,0,0,0
West,2016-10-16,"Colorado, Montana, Utah, Wyoming, New Mexico, Arizona, California, Hawaii, Nevada, Alaska, Idaho, Oregon, Washington",2016,42,2663,35,0.013143071723619977,2664,FALSE,FALSE,0.009171245395979839,0.018231826378615312,0.018231826378615312,52.71308473215537,0.01979462438308501,0,0,0,0,0,0
West,2016-10-23,"Colorado, Montana, Utah, Wyoming, New Mexico, Arizona, California, Hawaii, Nevada, Alaska, Idaho, Oregon, Washington",2016,43,2790,71,0.025448028673835124,2791,FALSE,FALSE,0.01992737645385705,0.03199205231147395,0.03199205231147395,59.9680533976427,0.021493925948975878,0,0,0,0,0,0
West,2016-10-30,"Colorado, Montana, Utah, Wyoming, New Mexico, Arizona, California, Hawaii, Nevada, Alaska, Idaho, Oregon, Washington",2016,44,3062,57,0.018615284128020902,3063,FALSE,FALSE,0.01412875460498086,0.02405172189717497,0.02405172189717497,69.76451215585408,0.022783968698841958,0,0,0,0,0,0
West,2016-11-06,"Colorado, Montana, Utah, Wyoming, New Mexico, Arizona, California, Hawaii, Nevada, Alaska, Idaho, Oregon, Washington",2016,45,3342,116,0.034709754637941355,3343,FALSE,FALSE,0.028764406607753625,0.041486075933036326,0.041486075933036326,82.174785912237,0.02458850565895781,0,0,0,0,0,0
West,2016-11-13,"Colorado, Montana, Utah, Wyoming, New Mexico, Arizona, California, Hawaii, Nevada, Alaska, Idaho, Oregon, Washington",2016,46,3522,124,0.03520726859738785,3523,FALSE,FALSE,0.02936707741871637,0.041834367194210076,0.041834367194210076,99.23802840900828,0.02817661226831581,0,0,0,0,0,0
West,2016-11-20,"Colorado, Montana, Utah, Wyoming, New Mexico, Arizona, California, Hawaii, Nevada, Alaska, Idaho, Oregon, Washington",2016,47,3516,163,0.046359499431171784,3517,FALSE,FALSE,0.039647118023658015,0.053838459408832806,0.053838459408832806,125.65291975599824,0.03573746295676856,0,0,0,0,0,0
West,2016-11-27,"Colorado, Montana, Utah, Wyoming, New Mexico, Arizona, California, Hawaii, Nevada, Alaska, Idaho, Oregon, Washington",2016,48,4088,179,0.0437866927592955,4089,FALSE,FALSE,0.037720021574033556,0.05051565460215812,0.05051565460215812,206.06234242543118,0.05040663953655362,1,1,1,1,0,0
West,2016-12-04,"Colorado, Montana, Utah, Wyoming, New Mexico, Arizona, California, Hawaii, Nevada, Alaska, Idaho, Oregon, Washington",2016,49,3947,230,0.058272105396503675,3948,FALSE,FALSE,0.05116651090317633,0.0660400425843437,0.0660400425843437,295.5302960549681,0.07487466330250016,1,0,1,2,1,0
West,2016-12-11,"Colorado, Montana, Utah, Wyoming, New Mexico, Arizona, California, Hawaii, Nevada, Alaska, Idaho, Oregon, Washington",2016,50,4876,462,0.09474979491386382,4877,FALSE,FALSE,0.08667135222040678,0.10331710028874341,0.10331710028874341,537.971217272285,0.11033043832491489,1,0,0,1,0,0
West,2016-12-18,"Colorado, Montana, Utah, Wyoming, New Mexico, Arizona, California, Hawaii, Nevada, Alaska, Idaho, Oregon, Washington",2016,51,5835,904,0.15492716366752357,5836,FALSE,FALSE,0.14573163881070894,0.16446910456776465,0.16446910456776465,886.4213396887282,0.1519145397924127,1,0,0,0,0,0
West,2016-12-25,"Colorado, Montana, Utah, Wyoming, New Mexico, Arizona, California, Hawaii, Nevada, Alaska, Idaho, Oregon, Washington",2016,52,7795,1640,0.21039127645926875,7796,FALSE,FALSE,0.2013885500076041,0.21961104363130934,0.21961104363130934,1446.4671796715052,0.18556346115093075,1,0,0,0,0,0
West,2017-01-01,"Colorado, Montana, Utah, Wyoming, New Mexico, Arizona, California, Hawaii, Nevada, Alaska, Idaho, Oregon, Washington",2017,1,8867,1731,0.19521822487876395,8868,FALSE,FALSE,0.18701289551404562,0.20362428947192523,0.20362428947192523,1792.2281106902517,0.20212339130373877,1,0,0,0,0,0
West,2017-01-08,"Colorado, Montana, Utah, Wyoming, New Mexico, Arizona, California, Hawaii, Nevada, Alaska, Idaho, Oregon, Washington",2017,2,8940,1748,0.19552572706935123,8941,FALSE,FALSE,0.18734878089972742,0.20390156043238672,0.20390156043238672,1809.2262698165935,0.20237430311147578,1,0,0,0,0,0
West,2017-01-15,"Colorado, Montana, Utah, Wyoming, New Mexico, Arizona, California, Hawaii, Nevada, Alaska, Idaho, Oregon, Washington",2017,3,8539,1656,0.19393371589179062,8540,FALSE,FALSE,0.18559463521887343,0.20248215992201213,0.20248215992201213,1639.6364654475447,0.1920173867487463,1,0,0,0,0,0
West,2017-01-22,"Colorado, Montana, Utah, Wyoming, New Mexico, Arizona, California, Hawaii, Nevada, Alaska, Idaho, Oregon, Washington",2017,4,8166,1380,0.16899338721528287,8167,FALSE,FALSE,0.16092340718315878,0.1773003015834297,0.1773003015834297,1453.317981652237,0.17797183218861584,1,0,0,0,0,0
West,2017-01-29,"Colorado, Montana, Utah, Wyoming, New Mexico, Arizona, California, Hawaii, Nevada, Alaska, Idaho, Oregon, Washington",2017,5,8110,1386,0.17090012330456228,8111,FALSE,FALSE,0.16276539003279408,0.17927205003035673,0.17927205003035673,1333.6137071158248,0.1644406543915937,1,0,0,0,0,0
West,2017-02-05,"Colorado, Montana, Utah, Wyoming, New Mexico, Arizona, California, Hawaii, Nevada, Alaska, Idaho, Oregon, Washington",2017,6,8217,1291,0.15711330169161494,8218,FALSE,FALSE,0.1493067410345497,0.1651638409867675,0.1651638409867675,1248.2309443923475,0.15190835394819854,1,0,0,0,0,0
West,2017-02-12,"Colorado, Montana, Utah, Wyoming, New Mexico, Arizona, California, Hawaii, Nevada, Alaska, Idaho, Oregon, Washington",2017,7,7721,1100,0.14246859215127575,7722,FALSE,FALSE,0.1347434327338662,0.1504646920252214,0.1504646920252214,1084.5666161852503,0.14046970809289602,1,0,0,0,0,0
West,2017-02-19,"Colorado, Montana, Utah, Wyoming, New Mexico, Arizona, California, Hawaii, Nevada, Alaska, Idaho, Oregon, Washington",2017,8,7034,888,0.1262439579186807,7035,FALSE,FALSE,0.11856742205413111,0.1342317312872512,0.1342317312872512,915.6482101818762,0.1301746104893199,1,0,0,0,0,0
West,2017-02-26,"Colorado, Montana, Utah, Wyoming, New Mexico, Arizona, California, Hawaii, Nevada, Alaska, Idaho, Oregon, Washington",2017,9,6188,726,0.11732385261797026,6189,FALSE,FALSE,0.10940678162622366,0.12560357747771833,0.12560357747771833,748.7975410726459,0.1210080059910546,1,0,0,0,0,0
West,2017-03-05,"Colorado, Montana, Utah, Wyoming, New Mexico, Arizona, California, Hawaii, Nevada, Alaska, Idaho, Oregon, Washington",2017,10,6117,687,0.11230995586071604,6118,FALSE,FALSE,0.10450186091963289,0.12048984129967244,0.12048984129967244,689.4354455148906,0.11270809964278088,1,0,0,0,0,0
West,2017-03-12,"Colorado, Montana, Utah, Wyoming, New Mexico, Arizona, California, Hawaii, Nevada, Alaska, Idaho, Oregon, Washington",2017,11,5825,623,0.10695278969957081,5826,FALSE,FALSE,0.09912866816108903,0.11517297775096136,0.11517297775096136,611.4044672160978,0.10496214029460907,1,0,0,0,0,0
West,2017-03-19,"Colorado, Montana, Utah, Wyoming, New Mexico, Arizona, California, Hawaii, Nevada, Alaska, Idaho, Oregon, Washington",2017,12,5070,482,0.09506903353057199,5071,FALSE,FALSE,0.08713156938474194,0.1034761325016923,0.1034761325016923,494.4648417203559,0.09752758219336408,1,0,0,0,0,0
West,2017-03-26,"Colorado, Montana, Utah, Wyoming, New Mexico, Arizona, California, Hawaii, Nevada, Alaska, Idaho, Oregon, Washington",2017,13,4611,409,0.08870093255259164,4612,FALSE,FALSE,0.08064862823355029,0.09727840138675015,0.09727840138675015,416.03101645087247,0.0902257680439975,1,0,0,0,0,0
West,2017-04-02,"Colorado, Montana, Utah, Wyoming, New Mexico, Arizona, California, Hawaii, Nevada, Alaska, Idaho, Oregon, Washington",2017,14,4131,378,0.0915032679738562,4132,FALSE,FALSE,0.08288115435408569,0.1007079651543743,0.1007079651543743,343.47208114574323,0.0831450208534842,1,0,0,0,0,0
West,2017-04-09,"Colorado, Montana, Utah, Wyoming, New Mexico, Arizona, California, Hawaii, Nevada, Alaska, Idaho, Oregon, Washington",2017,15,3868,290,0.0749741468459152,3869,FALSE,FALSE,0.06686915323900221,0.08372799683747467,0.08372799683747467,296.7477328743998,0.07671864862316437,1,0,0,0,0,0
West,2017-04-16,"Colorado, Montana, Utah, Wyoming, New Mexico, Arizona, California, Hawaii, Nevada, Alaska, Idaho, Oregon, Washington",2017,16,3569,263,0.07369010927430653,3570,FALSE,FALSE,0.06533037830098015,0.08275584980550099,0.08275584980550099,254.42155036771118,0.07128650892903086,1,0,0,0,0,0
West,2017-04-23,"Colorado, Montana, Utah, Wyoming, New Mexico, Arizona, California, Hawaii, Nevada, Alaska, Idaho, Oregon, Washington",2017,17,3477,196,0.05637043428242738,3478,FALSE,FALSE,0.048936291421192435,0.06456101579766249,0.06456101579766249,233.26136404985718,0.0670869611877645,1,0,0,0,0,0
West,2017-04-30,"Colorado, Montana, Utah, Wyoming, New Mexico, Arizona, California, Hawaii, Nevada, Alaska, Idaho, Oregon, Washington",2017,18,3191,229,0.07176433719837041,3192,FALSE,FALSE,0.06304829100327344,0.08127471863409519,0.08127471863409519,204.89864732661547,0.06421142191369962,1,0,0,0,0,0
West,2017-05-07,"Colorado, Montana, Utah, Wyoming, New Mexico, Arizona, California, Hawaii, Nevada, Alaska, Idaho, Oregon, Washington",2017,19,2999,182,0.06068689563187729,3000,FALSE,FALSE,0.05240714150558127,0.06983589082487995,0.06983589082487995,185.75870675930452,0.061940215658320946,1,0,0,0,0,0
West,2017-05-14,"Colorado, Montana, Utah, Wyoming, New Mexico, Arizona, California, Hawaii, Nevada, Alaska, Idaho, Oregon, Washington",2017,20,2937,173,0.0589036431733061,2938,FALSE,FALSE,0.05066135388017373,0.0680376594256904,0.0680376594256904,174.0572445270191,0.059263617476002416,1,0,0,0,0,0
West,2017-05-21,"Colorado, Montana, Utah, Wyoming, New Mexico, Arizona, California, Hawaii, Nevada, Alaska, Idaho, Oregon, Washington",2017,21,2648,146,0.05513595166163142,2649,FALSE,FALSE,0.046749603511409825,0.06452191327551526,0.06452191327551526,146.56179688350286,0.05534811060555244,1,0,0,0,0,0
West,2017-05-28,"Colorado, Montana, Utah, Wyoming, New Mexico, Arizona, California, Hawaii, Nevada, Alaska, Idaho, Oregon, Washington",2017,22,2490,127,0.05100401606425703,2491,FALSE,FALSE,0.04269436764562045,0.06038858510472234,0.06038858510472234,123.64830550603784,0.049657954018489096,0,-1,-1,-1,0,0
West,2017-06-04,"Colorado, Montana, Utah, Wyoming, New Mexico, Arizona, California, Hawaii, Nevada, Alaska, Idaho, Oregon, Washington",2017,23,2220,100,0.04504504504504504,2221,FALSE,FALSE,0.036798143429698595,0.05451788632084764,0.05451788632084764,94.35767786639126,0.04250345849837444,0,0,-1,-2,0,1
West,2017-06-11,"Colorado, Montana, Utah, Wyoming, New Mexico, Arizona, California, Hawaii, Nevada, Alaska, Idaho, Oregon, Washington",2017,24,1941,60,0.030911901081916538,1942,FALSE,FALSE,0.023670166643218683,0.039612317040054856,0.039612317040054856,68.12307913953764,0.03509689806261599,0,0,0,-1,0,0
West,2017-06-18,"Colorado, Montana, Utah, Wyoming, New Mexico, Arizona, California, Hawaii, Nevada, Alaska, Idaho, Oregon, Washington",2017,25,1699,39,0.022954679223072396,1700,FALSE,FALSE,0.016372739277897303,0.03124725559328756,0.03124725559328756,48.141920876746084,0.02833544489508304,0,0,0,0,0,0
West,2017-06-25,"Colorado, Montana, Utah, Wyoming, New Mexico, Arizona, California, Hawaii, Nevada, Alaska, Idaho, Oregon, Washington",2017,26,1575,44,0.027936507936507936,1576,FALSE,FALSE,0.020370474426091998,0.03732342487376994,0.03732342487376994,35.70232948602038,0.022668145705409766,0,0,0,0,0,0
West,2017-07-02,"Colorado, Montana, Utah, Wyoming, New Mexico, Arizona, California, Hawaii, Nevada, Alaska, Idaho, Oregon, Washington",2017,27,1468,35,0.023841961852861037,1469,FALSE,FALSE,0.016661681705243674,0.03300353589651517,0.03300353589651517,26.72791561240454,0.0182070269839268,0,0,0,0,0,0
West,2017-07-09,"Colorado, Montana, Utah, Wyoming, New Mexico, Arizona, California, Hawaii, Nevada, Alaska, Idaho, Oregon, Washington",2017,28,1512,18,0.011904761904761904,1513,FALSE,FALSE,0.007070357120852772,0.0187496206876826,0.0187496206876826,22.44664191767337,0.014845662643963871,0,0,0,0,0,0
West,2017-07-16,"Colorado, Montana, Utah, Wyoming, New Mexico, Arizona, California, Hawaii, Nevada, Alaska, Idaho, Oregon, Washington",2017,29,1498,14,0.009345794392523364,1499,FALSE,FALSE,0.005118583301632316,0.015630984325885722,0.015630984325885722,18.591023045085567,0.012410562780430952,0,0,0,0,0,0
West,2017-07-23,"Colorado, Montana, Utah, Wyoming, New Mexico, Arizona, California, Hawaii, Nevada, Alaska, Idaho, Oregon, Washington",2017,30,1465,19,0.012969283276450512,1466,FALSE,FALSE,0.007825925800052536,0.02017933599183097,0.02017933599183097,15.737680503897314,0.010742444029964037,0,0,0,0,0,0
West,2017-07-30,"Colorado, Montana, Utah, Wyoming, New Mexico, Arizona, California, Hawaii, Nevada, Alaska, Idaho, Oregon, Washington",2017,31,1379,9,0.006526468455402465,1380,FALSE,FALSE,0.0029885314874765,0.012352968697143196,0.012352968697143196,13.408346806272666,0.009723239163359439,0,0,0,0,0,0
West,2017-08-06,"Colorado, Montana, Utah, Wyoming, New Mexico, Arizona, California, Hawaii, Nevada, Alaska, Idaho, Oregon, Washington",2017,32,1405,16,0.011387900355871887,1406,FALSE,FALSE,0.006522790330491418,0.018427516965722868,0.018427516965722868,12.989602903886592,0.009245268970737788,0,0,0,0,0,0
West,2017-08-13,"Colorado, Montana, Utah, Wyoming, New Mexico, Arizona, California, Hawaii, Nevada, Alaska, Idaho, Oregon, Washington",2017,33,1472,14,0.009510869565217392,1473,FALSE,FALSE,0.005209158153633822,0.015906182187008344,0.015906182187008344,13.50170900128418,0.0091723566584811,0,0,0,0,0,0
West,2017-08-20,"Colorado, Montana, Utah, Wyoming, New Mexico, Arizona, California, Hawaii, Nevada, Alaska, Idaho, Oregon, Washington",2017,34,1669,16,0.009586578789694428,1670,FALSE,FALSE,0.005489204319618202,0.015521432391999102,0.015521432391999102,15.716331967479277,0.009416615918202084,0,0,0,0,0,0
West,2017-08-27,"Colorado, Montana, Utah, Wyoming, New Mexico, Arizona, California, Hawaii, Nevada, Alaska, Idaho, Oregon, Washington",2017,35,1965,19,0.009669211195928753,1966,FALSE,FALSE,0.0058312507203668465,0.015058653023361401,0.015058653023361401,19.49501685925717,0.00992112817264996,0,0,0,0,0,0
West,2017-09-03,"Colorado, Montana, Utah, Wyoming, New Mexico, Arizona, California, Hawaii, Nevada, Alaska, Idaho, Oregon, Washington",2017,36,2076,28,0.01348747591522158,2077,FALSE,FALSE,0.00898053780020899,0.01943455276173156,0.01943455276173156,22.094186379067235,0.010642671666217358,0,0,0,0,0,0
West,2017-09-10,"Colorado, Montana, Utah, Wyoming, New Mexico, Arizona, California, Hawaii, Nevada, Alaska, Idaho, Oregon, Washington",2017,37,2100,22,0.010476190476190476,2101,FALSE,FALSE,0.006576691540964412,0.015818344326897216,0.015818344326897216,24.319697475135815,0.011580808321493245,0,0,0,0,0,0
West,2017-09-17,"Colorado, Montana, Utah, Wyoming, New Mexico, Arizona, California, Hawaii, Nevada, Alaska, Idaho, Oregon, Washington",2017,38,2394,30,0.012531328320802004,2395,FALSE,FALSE,0.008470371520184929,0.0178412685089131,0.0178412685089131,30.563663664381497,0.012766776802164368,0,0,0,0,0,0
West,2017-09-24,"Colorado, Montana, Utah, Wyoming, New Mexico, Arizona, California, Hawaii, Nevada, Alaska, Idaho, Oregon, Washington",2017,39,2701,35,0.01295816364309515,2702,FALSE,FALSE,0.009041984882031198,0.017975978227406153,0.017975978227406153,38.465607981234754,0.014241246938628195,0,0,0,0,0,0
West,2017-10-01,"Colorado, Montana, Utah, Wyoming, New Mexico, Arizona, California, Hawaii, Nevada, Alaska, Idaho, Oregon, Washington",2017,40,3240,40,0.012345679012345678,3241,FALSE,FALSE,0.008834182431864037,0.01677371916203696,0.01677371916203696,52.01880259863834,0.016055185987234055,0,0,0,0,0,0
West,2017-10-08,"Colorado, Montana, Utah, Wyoming, New Mexico, Arizona, California, Hawaii, Nevada, Alaska, Idaho, Oregon, Washington",2017,41,3396,65,0.019140164899882215,3397,FALSE,FALSE,0.014802254997687048,0.02433142000159716,0.02433142000159716,62.2860366834095,0.018341000201239546,0,0,0,0,0,0
West,2017-10-15,"Colorado, Montana, Utah, Wyoming, New Mexico, Arizona, California, Hawaii, Nevada, Alaska, Idaho, Oregon, Washington",2017,42,3553,74,0.02082746974387841,3554,FALSE,FALSE,0.016388555618948877,0.026077207780092704,0.026077207780092704,76.31791322335823,0.021479851737505835,0,0,0,0,0,0
West,2017-10-22,"Colorado, Montana, Utah, Wyoming, New Mexico, Arizona, California, Hawaii, Nevada, Alaska, Idaho, Oregon, Washington",2017,43,3706,89,0.024015110631408525,3707,FALSE,FALSE,0.019329439410138812,0.029470506940113328,0.029470506940113328,96.82114184328555,0.02612551048118876,0,0,0,0,0,0
West,2017-10-29,"Colorado, Montana, Utah, Wyoming, New Mexico, Arizona, California, Hawaii, Nevada, Alaska, Idaho, Oregon, Washington",2017,44,4066,180,0.04426955238563699,4067,FALSE,FALSE,0.03815372647086244,0.05105050495791341,0.05105050495791341,135.9300761679645,0.03343090904278517,0,0,0,0,0,0
West,2017-11-05,"Colorado, Montana, Utah, Wyoming, New Mexico, Arizona, California, Hawaii, Nevada, Alaska, Idaho, Oregon, Washington",2017,45,4387,223,0.05083200364713927,4388,FALSE,FALSE,0.04451907836273424,0.05775105482497689,0.05775105482497689,199.5704986900667,0.04549133774562724,0,0,0,0,0,0
West,2017-11-12,"Colorado, Montana, Utah, Wyoming, New Mexico, Arizona, California, Hawaii, Nevada, Alaska, Idaho, Oregon, Washington",2017,46,4464,302,0.06765232974910394,4465,FALSE,FALSE,0.06045761945759325,0.07541870761643332,0.07541870761643332,289.3444645637636,0.06481730837001873,1,1,1,1,0,0
West,2017-11-19,"Colorado, Montana, Utah, Wyoming, New Mexico, Arizona, California, Hawaii, Nevada, Alaska, Idaho, Oregon, Washington",2017,47,4956,488,0.09846650524616626,4957,FALSE,FALSE,0.09030889199658151,0.10710048978776698,0.10710048978776698,464.00245315467845,0.09362438522087943,1,0,1,2,1,0
West,2017-11-26,"Colorado, Montana, Utah, Wyoming, New Mexico, Arizona, California, Hawaii, Nevada, Alaska, Idaho, Oregon, Washington",2017,48,5629,603,0.10712382305915794,5630,FALSE,FALSE,0.0991609113977516,0.11549650498568287,0.11549650498568287,746.9399331263613,0.13269496058382685,1,0,0,1,0,0
West,2017-12-03,"Colorado, Montana, Utah, Wyoming, New Mexico, Arizona, California, Hawaii, Nevada, Alaska, Idaho, Oregon, Washington",2017,49,7710,1284,0.16653696498054474,7711,FALSE,FALSE,0.1582832363588317,0.17504358812141785,0.17504358812141785,1377.1545612567772,0.1786192686454964,1,0,0,0,0,0
West,2017-12-10,"Colorado, Montana, Utah, Wyoming, New Mexico, Arizona, California, Hawaii, Nevada, Alaska, Idaho, Oregon, Washington",2017,50,7426,1558,0.20980339348235927,7427,FALSE,FALSE,0.20059064334194177,0.21924448356080684,0.21924448356080684,1656.2350203013982,0.22303191762744387,1,0,0,0,0,0
West,2017-12-17,"Colorado, Montana, Utah, Wyoming, New Mexico, Arizona, California, Hawaii, Nevada, Alaska, Idaho, Oregon, Washington",2017,51,10321,2866,0.2776862707102025,10322,FALSE,FALSE,0.26906124513011576,0.2864368902030219,0.2864368902030219,2664.61670138797,0.25817427588295416,1,0,0,0,0,0
West,2017-12-24,"Colorado, Montana, Utah, Wyoming, New Mexico, Arizona, California, Hawaii, Nevada, Alaska, Idaho, Oregon, Washington",2017,52,12361,3773,0.3052342043523987,12362,FALSE,FALSE,0.29712223158280776,0.31343797611909496,0.31343797611909496,3435.0342996090767,0.27789291316309983,1,0,0,0,0,0
West,2017-12-31,"Colorado, Montana, Utah, Wyoming, New Mexico, Arizona, California, Hawaii, Nevada, Alaska, Idaho, Oregon, Washington",2018,1,13257,3677,0.2773629026174851,13258,FALSE,FALSE,0.2697537566562682,0.28506988833347213,0.28506988833347213,3698.427449834526,0.27897921474198734,1,0,0,0,0,0
West,2018-01-07,"Colorado, Montana, Utah, Wyoming, New Mexico, Arizona, California, Hawaii, Nevada, Alaska, Idaho, Oregon, Washington",2018,2,13544,3391,0.25036916715888957,13545,FALSE,FALSE,0.24309042492745572,0.2577553030057834,0.2577553030057834,3552.5215789469353,0.26229485963872823,1,0,0,0,0,0
West,2018-01-14,"Colorado, Montana, Utah, Wyoming, New Mexico, Arizona, California, Hawaii, Nevada, Alaska, Idaho, Oregon, Washington",2018,3,12703,2748,0.2163268519247422,12704,FALSE,FALSE,0.20919302864657321,0.22359086740628142,0.22359086740628142,2988.4372020170294,0.23525444399094933,1,0,0,0,0,0
West,2018-01-21,"Colorado, Montana, Utah, Wyoming, New Mexico, Arizona, California, Hawaii, Nevada, Alaska, Idaho, Oregon, Washington",2018,4,13629,2700,0.1981069777679947,13630,FALSE,FALSE,0.1914437689331666,0.20489932550339574,0.20489932550339574,2822.295120570577,0.20708013211318343,1,0,0,0,0,0
West,2018-01-28,"Colorado, Montana, Utah, Wyoming, New Mexico, Arizona, California, Hawaii, Nevada, Alaska, Idaho, Oregon, Washington",2018,5,13587,2688,0.19783616692426584,13588,FALSE,FALSE,0.1911662216275534,0.20463576839144493,0.20463576839144493,2501.0631891759763,0.1840776616748345,1,0,0,0,0,0
West,2018-02-04,"Colorado, Montana, Utah, Wyoming, New Mexico, Arizona, California, Hawaii, Nevada, Alaska, Idaho, Oregon, Washington",2018,6,13268,2390,0.18013264998492615,13269,FALSE,FALSE,0.1736266186653845,0.18677928303657898,0.18677928303657898,2255.9676543148616,0.17003072462427357,1,0,0,0,0,0
West,2018-02-11,"Colorado, Montana, Utah, Wyoming, New Mexico, Arizona, California, Hawaii, Nevada, Alaska, Idaho, Oregon, Washington",2018,7,12238,2054,0.16783788200686386,12239,FALSE,FALSE,0.1612553233702854,0.1745788180968475,0.1745788180968475,2028.11025799057,0.16572236133278068,1,0,0,0,0,0
West,2018-02-18,"Colorado, Montana, Utah, Wyoming, New Mexico, Arizona, California, Hawaii, Nevada, Alaska, Idaho, Oregon, Washington",2018,8,10550,1703,0.1614218009478673,10551,FALSE,FALSE,0.1544479545780348,0.16858305234117732,0.16858305234117732,1760.4594989151433,0.1668681989493027,1,0,0,0,0,0
West,2018-02-25,"Colorado, Montana, Utah, Wyoming, New Mexico, Arizona, California, Hawaii, Nevada, Alaska, Idaho, Oregon, Washington",2018,9,10207,1656,0.16224159890271383,10208,FALSE,FALSE,0.15513752388646646,0.16953893151829214,0.16953893151829214,1723.850811995629,0.168889077299464,1,0,0,0,0,0
West,2018-03-04,"Colorado, Montana, Utah, Wyoming, New Mexico, Arizona, California, Hawaii, Nevada, Alaska, Idaho, Oregon, Washington",2018,10,9362,1581,0.16887417218543047,9363,FALSE,FALSE,0.16133575807280293,0.17661919768695322,0.17661919768695322,1565.0580951904276,0.16717134107994314,1,0,0,0,0,0
West,2018-03-11,"Colorado, Montana, Utah, Wyoming, New Mexico, Arizona, California, Hawaii, Nevada, Alaska, Idaho, Oregon, Washington",2018,11,8497,1399,0.16464634576909498,8498,FALSE,FALSE,0.15681803928867727,0.17270532751341083,0.17270532751341083,1339.7701033283076,0.1576756623900562,1,0,0,0,0,0
West,2018-03-18,"Colorado, Montana, Utah, Wyoming, New Mexico, Arizona, California, Hawaii, Nevada, Alaska, Idaho, Oregon, Washington",2018,12,7227,970,0.134218901342189,7228,FALSE,FALSE,0.12643918215787575,0.142294947576328,0.142294947576328,1018.2785339472259,0.14089920215126966,1,0,0,0,0,0
West,2018-03-25,"Colorado, Montana, Utah, Wyoming, New Mexico, Arizona, California, Hawaii, Nevada, Alaska, Idaho, Oregon, Washington",2018,13,6322,769,0.12163872192344195,6323,FALSE,FALSE,0.11367815658119958,0.12995013473162176,0.12995013473162176,761.2309166903755,0.12040982548091987,1,0,0,0,0,0
West,2018-04-01,"Colorado, Montana, Utah, Wyoming, New Mexico, Arizona, California, Hawaii, Nevada, Alaska, Idaho, Oregon, Washington",2018,14,5450,545,0.1,5451,FALSE,FALSE,0.09215925381859139,0.1082719372207741,0.1082719372207741,541.5617029542236,0.09936911980811443,1,0,0,0,0,0
West,2018-04-08,"Colorado, Montana, Utah, Wyoming, New Mexico, Arizona, California, Hawaii, Nevada, Alaska, Idaho, Oregon, Washington",2018,15,4743,354,0.07463630613535736,4744,FALSE,FALSE,0.06731532567187547,0.08248589563234465,0.08248589563234465,379.2764129520979,0.07996550979382204,1,0,0,0,0,0
West,2018-04-15,"Colorado, Montana, Utah, Wyoming, New Mexico, Arizona, California, Hawaii, Nevada, Alaska, Idaho, Oregon, Washington",2018,16,3476,224,0.06444188722669736,3477,FALSE,FALSE,0.05650454018650824,0.0731210550631155,0.0731210550631155,219.5476471081196,0.06316100319566156,1,0,0,0,0,0
West,2018-04-22,"Colorado, Montana, Utah, Wyoming, New Mexico, Arizona, California, Hawaii, Nevada, Alaska, Idaho, Oregon, Washington",2018,17,3284,205,0.06242387332521315,3285,FALSE,FALSE,0.05439007122552035,0.07124726500859002,0.07124726500859002,160.30825170714962,0.04881493657343167,0,-1,-1,-1,0,0
West,2018-04-29,"Colorado, Montana, Utah, Wyoming, New Mexico, Arizona, California, Hawaii, Nevada, Alaska, Idaho, Oregon, Washington",2018,18,2944,98,0.03328804347826087,2945,FALSE,FALSE,0.027105741066946396,0.04041896157721403,0.04041896157721403,108.15243513006281,0.03673656084580938,0,0,-1,-2,0,1
West,2018-05-06,"Colorado, Montana, Utah, Wyoming, New Mexico, Arizona, California, Hawaii, Nevada, Alaska, Idaho, Oregon, Washington",2018,19,2600,57,0.021923076923076924,2601,FALSE,FALSE,0.016645591200158454,0.028311559573746314,0.028311559573746314,69.65372158524319,0.026789892917401227,0,0,0,-1,0,0
West,2018-05-13,"Colorado, Montana, Utah, Wyoming, New Mexico, Arizona, California, Hawaii, Nevada, Alaska, Idaho, Oregon, Washington",2018,20,2240,28,0.0125,2241,FALSE,FALSE,0.008321793044287583,0.018015646924336215,0.018015646924336215,42.26166495176323,0.018866814710608585,0,0,0,0,0,0
West,2018-05-20,"Colorado, Montana, Utah, Wyoming, New Mexico, Arizona, California, Hawaii, Nevada, Alaska, Idaho, Oregon, Washington",2018,21,1990,33,0.016582914572864323,1991,FALSE,FALSE,0.011441700929448823,0.023210360321390455,0.023210360321390455,26.059196257726608,0.01309507349634503,0,0,0,0,0,0
West,2018-05-27,"Colorado, Montana, Utah, Wyoming, New Mexico, Arizona, California, Hawaii, Nevada, Alaska, Idaho, Oregon, Washington",2018,22,1801,18,0.009994447529150472,1802,FALSE,FALSE,0.0059337954049560136,0.015749701468844135,0.015749701468844135,16.781155802025417,0.009317687841213446,0,0,0,0,0,0
West,2018-06-03,"Colorado, Montana, Utah, Wyoming, New Mexico, Arizona, California, Hawaii, Nevada, Alaska, Idaho, Oregon, Washington",2018,23,1826,19,0.0104052573932092,1827,FALSE,FALSE,0.006275943274116444,0.016201596160175136,0.016201596160175136,12.916466529986446,0.007073639939751613,0,0,0,0,0,0
West,2018-06-10,"Colorado, Montana, Utah, Wyoming, New Mexico, Arizona, California, Hawaii, Nevada, Alaska, Idaho, Oregon, Washington",2018,24,1543,10,0.0064808813998703824,1544,FALSE,FALSE,0.003112079938221218,0.011886177226099637,0.011886177226099637,9.200673065475788,0.005962847093633045,0,0,0,0,0,0
West,2018-06-17,"Colorado, Montana, Utah, Wyoming, New Mexico, Arizona, California, Hawaii, Nevada, Alaska, Idaho, Oregon, Washington",2018,25,1584,6,0.003787878787878788,1585,FALSE,FALSE,0.0013913144615328322,0.008226256908309915,0.008226256908309915,9.02024327229292,0.005694598025437449,0,0,0,0,0,0
West,2018-06-24,"Colorado, Montana, Utah, Wyoming, New Mexico, Arizona, California, Hawaii, Nevada, Alaska, Idaho, Oregon, Washington",2018,26,1290,5,0.003875968992248062,1291,FALSE,FALSE,0.0012596777043043523,0.009021860038409546,0.009021860038409546,7.602640395318434,0.00589351968629336,0,0,0,0,0,0
West,2018-07-01,"Colorado, Montana, Utah, Wyoming, New Mexico, Arizona, California, Hawaii, Nevada, Alaska, Idaho, Oregon, Washington",2018,27,1259,9,0.007148530579825258,1260,FALSE,FALSE,0.003273820870459784,0.013526588427754671,0.013526588427754671,7.856585501264039,0.006240337967644193,0,0,0,0,0,0
West,2018-07-08,"Colorado, Montana, Utah, Wyoming, New Mexico, Arizona, California, Hawaii, Nevada, Alaska, Idaho, Oregon, Washington",2018,28,1138,7,0.006151142355008787,1139,FALSE,FALSE,0.0024765485085287693,0.012632403601988251,0.012632403601988251,7.26314802014094,0.0063823796310553075,0,0,0,0,0,0
West,2018-07-15,"Colorado, Montana, Utah, Wyoming, New Mexico, Arizona, California, Hawaii, Nevada, Alaska, Idaho, Oregon, Washington",2018,29,1101,6,0.005449591280653951,1102,FALSE,FALSE,0.002002450995836541,0.011823473135283757,0.011823473135283757,6.576259557170587,0.005972987790345674,0,0,0,0,0,0
West,2018-07-22,"Colorado, Montana, Utah, Wyoming, New Mexico, Arizona, California, Hawaii, Nevada, Alaska, Idaho, Oregon, Washington",2018,30,1120,6,0.005357142857142857,1121,FALSE,FALSE,0.0019684382748888746,0.011623529385122233,0.011623529385122233,5.767738260766739,0.005149766304256017,0,0,0,0,0,0
West,2018-07-29,"Colorado, Montana, Utah, Wyoming, New Mexico, Arizona, California, Hawaii, Nevada, Alaska, Idaho, Oregon, Washington",2018,31,1064,4,0.0037593984962406013,1065,FALSE,FALSE,0.0010252304292458678,0.009597352240628299,0.009597352240628299,4.619030078704759,0.004341193682993194,0,0,0,0,0,0
West,2018-08-05,"Colorado, Montana, Utah, Wyoming, New Mexico, Arizona, California, Hawaii, Nevada, Alaska, Idaho, Oregon, Washington",2018,32,1111,9,0.008100810081008101,1112,FALSE,FALSE,0.0037107034089883966,0.015321939719789568,0.015321939719789568,4.226336600024469,0.003804083348356858,0,0,0,0,0,0
West,2018-08-12,"Colorado, Montana, Utah, Wyoming, New Mexico, Arizona, California, Hawaii, Nevada, Alaska, Idaho, Oregon, Washington",2018,33,1142,5,0.0043782837127845885,1143,FALSE,FALSE,0.001423098694174923,0.010187651569168676,0.010187651569168676,4.206966075563093,0.0036838582097750375,0,0,0,0,0,0
West,2018-08-19,"Colorado, Montana, Utah, Wyoming, New Mexico, Arizona, California, Hawaii, Nevada, Alaska, Idaho, Oregon, Washington",2018,34,1235,5,0.004048582995951417,1236,FALSE,FALSE,0.0013158308150432656,0.009422557652867147,0.009422557652867147,5.052563752358797,0.004091144738752062,0,0,0,0,0,0
West,2018-08-26,"Colorado, Montana, Utah, Wyoming, New Mexico, Arizona, California, Hawaii, Nevada, Alaska, Idaho, Oregon, Washington",2018,35,1389,3,0.0021598272138228943,1390,FALSE,FALSE,4.4562996167869947e-4,0.0062988396251692945,0.0062988396251692945,6.894865636003703,0.0049639061454310315,0,0,0,0,0,0
West,2018-09-02,"Colorado, Montana, Utah, Wyoming, New Mexico, Arizona, California, Hawaii, Nevada, Alaska, Idaho, Oregon, Washington",2018,36,1478,8,0.005412719891745603,1479,FALSE,FALSE,0.0023396378465755817,0.01063722082881835,0.01063722082881835,9.092234264482158,0.00615171465797169,0,0,0,0,0,0
West,2018-09-09,"Colorado, Montana, Utah, Wyoming, New Mexico, Arizona, California, Hawaii, Nevada, Alaska, Idaho, Oregon, Washington",2018,37,1828,11,0.006017505470459519,1829,FALSE,FALSE,0.0030076305840056423,0.01074141566901654,0.01074141566901654,13.307486236428336,0.007279806475070205,0,0,0,0,0,0
West,2018-09-16,"Colorado, Montana, Utah, Wyoming, New Mexico, Arizona, California, Hawaii, Nevada, Alaska, Idaho, Oregon, Washington",2018,38,1837,12,0.0065323897659227,1838,FALSE,FALSE,0.0033798018446537324,0.011382940389852547,0.011382940389852547,14.172852068505362,0.0077152161505200665,0,0,0,0,0,0
West,2018-09-23,"Colorado, Montana, Utah, Wyoming, New Mexico, Arizona, California, Hawaii, Nevada, Alaska, Idaho, Oregon, Washington",2018,39,2117,16,0.007557864903164856,2118,FALSE,FALSE,0.004325963676122047,0.012244554803985896,0.012244554803985896,15.518247185238257,0.007330300984996815,0,0,0,0,0,0
West,2018-09-30,"Colorado, Montana, Utah, Wyoming, New Mexico, Arizona, California, Hawaii, Nevada, Alaska, Idaho, Oregon, Washington",2018,40,2562,17,0.00663544106167057,2563,FALSE,FALSE,0.0038699998918797556,0.010602792079474788,0.010602792079474788,17.012590718997743,0.006640355471896074,0,0,0,0,0,0
West,2018-10-07,"Colorado, Montana, Utah, Wyoming, New Mexico, Arizona, California, Hawaii, Nevada, Alaska, Idaho, Oregon, Washington",2018,41,2813,32,0.011375755421258443,2814,FALSE,FALSE,0.007793661790691077,0.016021523372207525,0.016021523372207525,17.197963426806126,0.006113744552721694,0,0,0,0,0,0
West,2018-10-14,"Colorado, Montana, Utah, Wyoming, New Mexico, Arizona, California, Hawaii, Nevada, Alaska, Idaho, Oregon, Washington",2018,42,3044,22,0.007227332457293035,3045,FALSE,FALSE,0.00453471126989176,0.010921933828139108,0.010921933828139108,18.563717264270956,0.0060984616505489345,0,0,0,0,0,0
West,2018-10-21,"Colorado, Montana, Utah, Wyoming, New Mexico, Arizona, California, Hawaii, Nevada, Alaska, Idaho, Oregon, Washington",2018,43,3103,16,0.00515630035449565,3104,FALSE,FALSE,0.0029500570777793336,0.008360037292557632,0.008360037292557632,21.45628722469807,0.006914691338929446,0,0,0,0,0,0
West,2018-10-28,"Colorado, Montana, Utah, Wyoming, New Mexico, Arizona, California, Hawaii, Nevada, Alaska, Idaho, Oregon, Washington",2018,44,3298,32,0.009702850212249849,3299,FALSE,FALSE,0.006645942393680745,0.013670144061605716,0.013670144061605716,29.010330923862515,0.00879634048631368,0,0,0,0,0,0
West,2018-11-04,"Colorado, Montana, Utah, Wyoming, New Mexico, Arizona, California, Hawaii, Nevada, Alaska, Idaho, Oregon, Washington",2018,45,3531,38,0.010761823845935995,3532,FALSE,FALSE,0.007626649683377696,0.01474179350871363,0.01474179350871363,43.12082910201288,0.012212072812804554,0,0,0,0,0,0
West,2018-11-11,"Colorado, Montana, Utah, Wyoming, New Mexico, Arizona, California, Hawaii, Nevada, Alaska, Idaho, Oregon, Washington",2018,46,3679,49,0.01331883664039141,3680,FALSE,FALSE,0.009869154337185234,0.017570377330243026,0.017570377330243026,66.2134224130802,0.01799766850042952,0,0,0,0,0,0
West,2018-11-18,"Colorado, Montana, Utah, Wyoming, New Mexico, Arizona, California, Hawaii, Nevada, Alaska, Idaho, Oregon, Washington",2018,47,3691,89,0.024112706583581684,3692,FALSE,FALSE,0.01940817128333505,0.029589936705744613,0.029589936705744613,101.09151045722358,0.027388650896023728,0,0,0,0,0,0
West,2018-11-25,"Colorado, Montana, Utah, Wyoming, New Mexico, Arizona, California, Hawaii, Nevada, Alaska, Idaho, Oregon, Washington",2018,48,4423,142,0.032104906172281254,4424,FALSE,FALSE,0.02710775035748098,0.03773167110170239,0.03773167110170239,185.2294387872333,0.041878688398650984,0,0,0,0,0,0
West,2018-12-02,"Colorado, Montana, Utah, Wyoming, New Mexico, Arizona, California, Hawaii, Nevada, Alaska, Idaho, Oregon, Washington",2018,49,4638,307,0.06619232427770591,4639,FALSE,FALSE,0.059204309770953104,0.07373232831292287,0.07373232831292287,290.47401447597997,0.06262915361707201,1,1,1,1,0,0
West,2018-12-09,"Colorado, Montana, Utah, Wyoming, New Mexico, Arizona, California, Hawaii, Nevada, Alaska, Idaho, Oregon, Washington",2018,50,5392,576,0.10682492581602374,5393,FALSE,FALSE,0.098701855157762,0.11537623819856868,0.11537623819856868,480.806763396272,0.08917039380494658,1,0,1,2,1,0
West,2018-12-16,"Colorado, Montana, Utah, Wyoming, New Mexico, Arizona, California, Hawaii, Nevada, Alaska, Idaho, Oregon, Washington",2018,51,6239,809,0.12966821606026607,6240,FALSE,FALSE,0.12142676695181082,0.13825754348441566,0.13825754348441566,734.0744598899797,0.11765899341079976,1,0,0,1,0,0
West,2018-12-23,"Colorado, Montana, Utah, Wyoming, New Mexico, Arizona, California, Hawaii, Nevada, Alaska, Idaho, Oregon, Washington",2018,52,7315,1070,0.14627477785372522,7316,FALSE,FALSE,0.13825043326560973,0.15458210281199525,0.15458210281199525,1033.8435154909305,0.14133199118126186,1,0,0,0,0,0
West,2018-12-30,"Colorado, Montana, Utah, Wyoming, New Mexico, Arizona, California, Hawaii, Nevada, Alaska, Idaho, Oregon, Washington",2019,1,7740,1054,0.13617571059431524,7741,FALSE,FALSE,0.1286083290594252,0.14401817775318237,0.14401817775318237,1220.4912418920114,0.15768620696279217,1,0,0,0,0,0
West,2019-01-06,"Colorado, Montana, Utah, Wyoming, New Mexico, Arizona, California, Hawaii, Nevada, Alaska, Idaho, Oregon, Washington",2019,2,7745,1171,0.1511943189154293,7746,FALSE,FALSE,0.14328383648182208,0.1593682369396604,0.1593682369396604,1304.149919935147,0.16838604518207193,1,0,0,0,0,0
West,2019-01-13,"Colorado, Montana, Utah, Wyoming, New Mexico, Arizona, California, Hawaii, Nevada, Alaska, Idaho, Oregon, Washington",2019,3,7875,1407,0.17866666666666667,7876,FALSE,FALSE,0.17026259612333036,0.18730923634095709,0.18730923634095709,1396.5275364207507,0.17733683002168263,1,0,0,0,0,0
West,2019-01-20,"Colorado, Montana, Utah, Wyoming, New Mexico, Arizona, California, Hawaii, Nevada, Alaska, Idaho, Oregon, Washington",2019,4,8182,1642,0.2006844292349059,8183,FALSE,FALSE,0.19205279402406306,0.20952975849163846,0.20952975849163846,1551.7551531395604,0.1896547486115327,1,0,0,0,0,0
West,2019-01-27,"Colorado, Montana, Utah, Wyoming, New Mexico, Arizona, California, Hawaii, Nevada, Alaska, Idaho, Oregon, Washington",2019,5,9204,1954,0.21229900043459365,9205,FALSE,FALSE,0.20398235056120478,0.22079811974570918,0.22079811974570918,1913.3465944790187,0.20788207241188816,1,0,0,0,0,0
West,2019-02-03,"Colorado, Montana, Utah, Wyoming, New Mexico, Arizona, California, Hawaii, Nevada, Alaska, Idaho, Oregon, Washington",2019,6,9288,2206,0.23751076658053402,9289,FALSE,FALSE,0.22888573465718504,0.24630071157411237,0.24630071157411237,2142.7461055045997,0.2307004850887812,1,0,0,0,0,0
West,2019-02-10,"Colorado, Montana, Utah, Wyoming, New Mexico, Arizona, California, Hawaii, Nevada, Alaska, Idaho, Oregon, Washington",2019,7,8763,2314,0.26406481798470843,8764,FALSE,FALSE,0.25485751385057365,0.2734292234761029,0.2734292234761029,2241.507077931625,0.25579220334721275,1,0,0,0,0,0
West,2019-02-17,"Colorado, Montana, Utah, Wyoming, New Mexico, Arizona, California, Hawaii, Nevada, Alaska, Idaho, Oregon, Washington",2019,8,10023,2748,0.2741694103561808,10024,FALSE,FALSE,0.26545288549684326,0.2830173266783079,0.2830173266783079,2802.5948872953177,0.27961637107605686,1,0,0,0,0,0
West,2019-02-24,"Colorado, Montana, Utah, Wyoming, New Mexico, Arizona, California, Hawaii, Nevada, Alaska, Idaho, Oregon, Washington",2019,9,10387,2983,0.2871859054587465,10388,FALSE,FALSE,0.2784973299430959,0.29599393267369845,0.29599393267369845,3085.164641955742,0.2970217234962686,1,0,0,0,0,0
West,2019-03-03,"Colorado, Montana, Utah, Wyoming, New Mexico, Arizona, California, Hawaii, Nevada, Alaska, Idaho, Oregon, Washington",2019,10,10191,2922,0.2867235796290845,10192,FALSE,FALSE,0.2779563425840816,0.29561283880389966,0.29561283880389966,3063.082256762734,0.30056738855487525,1,0,0,0,0,0
West,2019-03-10,"Colorado, Montana, Utah, Wyoming, New Mexico, Arizona, California, Hawaii, Nevada, Alaska, Idaho, Oregon, Washington",2019,11,10792,3193,0.2958673091178651,10793,FALSE,FALSE,0.28726559962375264,0.30457927617983027,0.30457927617983027,3060.8463156898315,0.2836217861091393,1,0,0,0,0,0
West,2019-03-17,"Colorado, Montana, Utah, Wyoming, New Mexico, Arizona, California, Hawaii, Nevada, Alaska, Idaho, Oregon, Washington",2019,12,10332,2647,0.2561943476577623,10333,FALSE,FALSE,0.2477983428606595,0.2647279670446039,0.2647279670446039,2523.95622197529,0.24428534862323753,1,0,0,0,0,0
West,2019-03-24,"Colorado, Montana, Utah, Wyoming, New Mexico, Arizona, California, Hawaii, Nevada, Alaska, Idaho, Oregon, Washington",2019,13,8590,1545,0.179860302677532,8591,FALSE,FALSE,0.17178970253789222,0.18814864537601494,0.18814864537601494,1616.6602764240338,0.1882025932973264,1,0,0,0,0,0
West,2019-03-31,"Colorado, Montana, Utah, Wyoming, New Mexico, Arizona, California, Hawaii, Nevada, Alaska, Idaho, Oregon, Washington",2019,14,6498,846,0.13019390581717452,6499,FALSE,FALSE,0.12210215596240084,0.1386191063569321,0.1386191063569321,854.8760649598487,0.13155987457061383,1,0,0,0,0,0
West,2019-04-07,"Colorado, Montana, Utah, Wyoming, New Mexico, Arizona, California, Hawaii, Nevada, Alaska, Idaho, Oregon, Washington",2019,15,5300,429,0.0809433962264151,5301,FALSE,FALSE,0.07373834467036784,0.08861375826240836,0.08861375826240836,466.8690472019098,0.08808849947205845,1,0,0,0,0,0
West,2019-04-14,"Colorado, Montana, Utah, Wyoming, New Mexico, Arizona, California, Hawaii, Nevada, Alaska, Idaho, Oregon, Washington",2019,16,5124,317,0.06186572989851678,5125,FALSE,FALSE,0.055422918917497614,0.06881299680106046,0.06881299680106046,306.2778227751795,0.059773189456514345,1,0,0,0,0,0
West,2019-04-21,"Colorado, Montana, Utah, Wyoming, New Mexico, Arizona, California, Hawaii, Nevada, Alaska, Idaho, Oregon, Washington",2019,17,4565,207,0.04534501642935378,4566,FALSE,FALSE,0.03949256617471662,0.05178753991019003,0.05178753991019003,198.52693107262598,0.043488922469359474,0,-1,-1,-1,0,0
West,2019-04-28,"Colorado, Montana, Utah, Wyoming, New Mexico, Arizona, California, Hawaii, Nevada, Alaska, Idaho, Oregon, Washington",2019,18,3758,161,0.042841937200638634,3759,FALSE,FALSE,0.03659247273708381,0.049814276929826984,0.049814276929826984,133.2328624926054,0.035453129987388345,0,0,-1,-2,0,1
West,2019-05-05,"Colorado, Montana, Utah, Wyoming, New Mexico, Arizona, California, Hawaii, Nevada, Alaska, Idaho, Oregon, Washington",2019,19,3322,97,0.029199277543648403,3323,FALSE,FALSE,0.02374102346512994,0.035505702866838296,0.035505702866838296,105.76894799904531,0.03183893678478185,0,0,0,-1,0,0
West,2019-05-12,"Colorado, Montana, Utah, Wyoming, New Mexico, Arizona, California, Hawaii, Nevada, Alaska, Idaho, Oregon, Washington",2019,20,2877,74,0.025721237400069517,2878,FALSE,FALSE,0.02024942476356479,0.03218416086431575,0.03218416086431575,87.43899438735771,0.030392420711629373,0,0,0,0,0,0
West,2019-05-19,"Colorado, Montana, Utah, Wyoming, New Mexico, Arizona, California, Hawaii, Nevada, Alaska, Idaho, Oregon, Washington",2019,21,2793,81,0.02900107411385607,2794,FALSE,FALSE,0.023096276511077936,0.03591812249391024,0.03591812249391024,83.10328972444468,0.02975413165930708,0,0,0,0,0,0
West,2019-05-26,"Colorado, Montana, Utah, Wyoming, New Mexico, Arizona, California, Hawaii, Nevada, Alaska, Idaho, Oregon, Washington",2019,22,2581,76,0.029445951181712515,2582,FALSE,FALSE,0.02326867661057516,0.036718803171725156,0.036718803171725156,74.440593190045945,0.028841764118576498,0,0,0,0,0,0
West,2019-06-02,"Colorado, Montana, Utah, Wyoming, New Mexico, Arizona, California, Hawaii, Nevada, Alaska, Idaho, Oregon, Washington",2019,23,2243,68,0.03031654034774855,2244,FALSE,FALSE,0.023617226502172524,0.03827672941745619,0.03827672941745619,61.14743535421229,0.0272614513393724,0,0,0,0,0,0
West,2019-06-09,"Colorado, Montana, Utah, Wyoming, New Mexico, Arizona, California, Hawaii, Nevada, Alaska, Idaho, Oregon, Washington",2019,24,1980,58,0.029292929292929294,1981,FALSE,FALSE,0.02231685588271184,0.037704855983120233,0.037704855983120233,50.22271097438918,0.0253650055426208,0,0,0,0,0,0
West,2019-06-16,"Colorado, Montana, Utah, Wyoming, New Mexico, Arizona, California, Hawaii, Nevada, Alaska, Idaho, Oregon, Washington",2019,25,1900,31,0.01631578947368421,1901,FALSE,FALSE,0.011112012155068327,0.023079593065516546,0.023079593065516546,44.62840536324253,0.023488634401706593,0,0,0,0,0,0
West,2019-06-23,"Colorado, Montana, Utah, Wyoming, New Mexico, Arizona, California, Hawaii, Nevada, Alaska, Idaho, Oregon, Washington",2019,26,1706,27,0.015826494724501757,1707,FALSE,FALSE,0.010454991050368498,0.022943707517202205,0.022943707517202205,37.34000756707127,0.021887460473078116,0,0,0,0,0,0
West,2019-06-30,"Colorado, Montana, Utah, Wyoming, New Mexico, Arizona, California, Hawaii, Nevada, Alaska, Idaho, Oregon, Washington",2019,27,1583,45,0.028427037271004423,1584,FALSE,FALSE,0.02080879666976803,0.03785416276637832,0.03785416276637832,32.781333215855334,0.020708359580451884,0,0,0,0,0,0
West,2019-07-07,"Colorado, Montana, Utah, Wyoming, New Mexico, Arizona, California, Hawaii, Nevada, Alaska, Idaho, Oregon, Washington",2019,28,1625,39,0.024,1626,FALSE,FALSE,0.01712071588819839,0.03266387864796527,0.03266387864796527,32.26562633354371,0.019855770051411512,0,0,0,0,0,0
West,2019-07-14,"Colorado, Montana, Utah, Wyoming, New Mexico, Arizona, California, Hawaii, Nevada, Alaska, Idaho, Oregon, Washington",2019,29,1475,22,0.014915254237288136,1476,FALSE,FALSE,0.009370291596523904,0.02249522710772056,0.02249522710772056,28.30172486026056,0.019187610074752923,0,0,0,0,0,0
West,2019-07-21,"Colorado, Montana, Utah, Wyoming, New Mexico, Arizona, California, Hawaii, Nevada, Alaska, Idaho, Oregon, Washington",2019,30,1374,29,0.021106259097525473,1375,FALSE,FALSE,0.01417965564167602,0.030172310903012534,0.030172310903012534,25.53501856148425,0.018584438545476166,0,0,0,0,0,0
West,2019-07-28,"Colorado, Montana, Utah, Wyoming, New Mexico, Arizona, California, Hawaii, Nevada, Alaska, Idaho, Oregon, Washington",2019,31,1395,25,0.017921146953405017,1396,FALSE,FALSE,0.01163034799055955,0.02634210536932924,0.02634210536932924,25.03002942271263,0.017942673421299377,0,0,0,0,0,0
West,2019-08-04,"Colorado, Montana, Utah, Wyoming, New Mexico, Arizona, California, Hawaii, Nevada, Alaska, Idaho, Oregon, Washington",2019,32,1263,18,0.014251781472684086,1264,FALSE,FALSE,0.008467797238294966,0.022430742979820062,0.022430742979820062,21.717529897061006,0.0171951939010776,0,0,0,0,0,0
West,2019-08-11,"Colorado, Montana, Utah, Wyoming, New Mexico, Arizona, California, Hawaii, Nevada, Alaska, Idaho, Oregon, Washington",2019,33,1415,28,0.019787985865724382,1416,FALSE,FALSE,0.013188255562425968,0.028472929949507675,0.028472929949507675,23.08796038837807,0.016316579779772487,0,0,0,0,0,0
West,2019-08-18,"Colorado, Montana, Utah, Wyoming, New Mexico, Arizona, California, Hawaii, Nevada, Alaska, Idaho, Oregon, Washington",2019,34,1451,10,0.006891798759476223,1452,FALSE,FALSE,0.003309687000708414,0.012637631480087341,0.012637631480087341,22.191812125263517,0.015294150327542052,0,0,0,0,0,0
West,2019-08-25,"Colorado, Montana, Utah, Wyoming, New Mexico, Arizona, California, Hawaii, Nevada, Alaska, Idaho, Oregon, Washington",2019,35,1616,29,0.017945544554455444,1617,FALSE,FALSE,0.012050518911733813,0.025671762661107045,0.025671762661107045,22.830170747608566,0.014127580908173617,0,0,0,0,0,0
West,2019-09-01,"Colorado, Montana, Utah, Wyoming, New Mexico, Arizona, California, Hawaii, Nevada, Alaska, Idaho, Oregon, Washington",2019,36,1854,24,0.012944983818770227,1855,FALSE,FALSE,0.00831122745878396,0.01920022378278885,0.01920022378278885,23.864445932447847,0.012871869434977264,0,0,0,0,0,0
West,2019-09-08,"Colorado, Montana, Utah, Wyoming, New Mexico, Arizona, California, Hawaii, Nevada, Alaska, Idaho, Oregon, Washington",2019,37,2018,22,0.010901883052527254,2019,FALSE,FALSE,0.0068444113040249084,0.01645930323090372,0.01645930323090372,23.812509372723063,0.011800054198574363,0,0,0,0,0,0
West,2019-09-15,"Colorado, Montana, Utah, Wyoming, New Mexico, Arizona, California, Hawaii, Nevada, Alaska, Idaho, Oregon, Washington",2019,38,2289,28,0.012232415902140673,2290,FALSE,FALSE,0.008143321725761293,0.01763104644021818,0.01763104644021818,25.589675787868313,0.011179412751362304,0,0,0,0,0,0
West,2019-09-22,"Colorado, Montana, Utah, Wyoming, New Mexico, Arizona, California, Hawaii, Nevada, Alaska, Idaho, Oregon, Washington",2019,39,2972,34,0.011440107671601614,2973,FALSE,FALSE,0.007935259250777829,0.01595002026535064,0.01595002026535064,33.413623632622254,0.011242807413399144,0,0,0,0,0,0
West,2019-09-29,"Colorado, Montana, Utah, Wyoming, New Mexico, Arizona, California, Hawaii, Nevada, Alaska, Idaho, Oregon, Washington",2019,40,5278,80,0.015157256536566882,5279,FALSE,FALSE,0.012036570853789732,0.018829464471529334,0.018829464471529334,65.04036348902466,0.01232291843293381,0,0,0,0,0,0
West,2019-10-06,"Colorado, Montana, Utah, Wyoming, New Mexico, Arizona, California, Hawaii, Nevada, Alaska, Idaho, Oregon, Washington",2019,41,5857,87,0.014854020829776335,5858,FALSE,FALSE,0.011914113182621531,0.018290527507972776,0.018290527507972776,86.86605993799543,0.014831152456546941,0,0,0,0,0,0
West,2019-10-13,"Colorado, Montana, Utah, Wyoming, New Mexico, Arizona, California, Hawaii, Nevada, Alaska, Idaho, Oregon, Washington",2019,42,5976,112,0.018741633199464525,5977,FALSE,FALSE,0.015456193333495584,0.022507959302419334,0.022507959302419334,114.83434460969309,0.019215921119426556,0,0,0,0,0,0
West,2019-10-20,"Colorado, Montana, Utah, Wyoming, New Mexico, Arizona, California, Hawaii, Nevada, Alaska, Idaho, Oregon, Washington",2019,43,5701,125,0.02192597789861428,5702,FALSE,FALSE,0.018283145437963895,0.026068763128728523,0.026068763128728523,149.4882211544722,0.026221403465088968,0,0,0,0,0,0
West,2019-10-27,"Colorado, Montana, Utah, Wyoming, New Mexico, Arizona, California, Hawaii, Nevada, Alaska, Idaho, Oregon, Washington",2019,44,6127,177,0.02888852619552799,6128,FALSE,FALSE,0.024838517838871085,0.03339488204665397,0.03339488204665397,225.8865600121592,0.03686740003462693,0,0,0,0,0,0
West,2019-11-03,"Colorado, Montana, Utah, Wyoming, New Mexico, Arizona, California, Hawaii, Nevada, Alaska, Idaho, Oregon, Washington",2019,45,7095,415,0.058491895701198025,7096,FALSE,FALSE,0.053143256848568035,0.06420679881170333,0.06420679881170333,371.029064510772,0.05229444179151121,1,1,1,1,0,0
West,2019-11-10,"Colorado, Montana, Utah, Wyoming, New Mexico, Arizona, California, Hawaii, Nevada, Alaska, Idaho, Oregon, Washington",2019,46,7770,666,0.08571428571428572,7771,FALSE,FALSE,0.07958167768525845,0.09215968682218789,0.09215968682218789,572.2498213549572,0.07364862565700865,1,0,1,2,1,0
West,2019-11-17,"Colorado, Montana, Utah, Wyoming, New Mexico, Arizona, California, Hawaii, Nevada, Alaska, Idaho, Oregon, Washington",2019,47,8393,834,0.09936852138687001,8394,FALSE,FALSE,0.09304872456228817,0.10596797966813976,0.10596797966813976,852.3796816299008,0.1015584036256286,1,0,0,1,0,0
West,2019-11-24,"Colorado, Montana, Utah, Wyoming, New Mexico, Arizona, California, Hawaii, Nevada, Alaska, Idaho, Oregon, Washington",2019,48,8390,1103,0.13146603098927295,8391,FALSE,FALSE,0.12430484784437135,0.13888420580736516,0.13888420580736516,1134.5384417417326,0.13522508244835907,1,0,0,0,0,0
West,2019-12-01,"Colorado, Montana, Utah, Wyoming, New Mexico, Arizona, California, Hawaii, Nevada, Alaska, Idaho, Oregon, Washington",2019,49,10670,1664,0.15595126522961575,10671,FALSE,FALSE,0.1491149234592149,0.16297591246472076,0.16297591246472076,1829.5789734401817,0.17146944455859248,1,0,0,0,0,0
West,2019-12-08,"Colorado, Montana, Utah, Wyoming, New Mexico, Arizona, California, Hawaii, Nevada, Alaska, Idaho, Oregon, Washington",2019,50,11691,2352,0.20118039517577624,11692,FALSE,FALSE,0.19394597363920357,0.20856390615179576,0.20856390615179576,2404.0608693629033,0.20563346757017392,1,0,0,0,0,0
West,2019-12-15,"Colorado, Montana, Utah, Wyoming, New Mexico, Arizona, California, Hawaii, Nevada, Alaska, Idaho, Oregon, Washington",2019,51,14512,3801,0.2619211686879824,14513,FALSE,FALSE,0.254781463124526,0.2691564362301586,0.2691564362301586,3397.2857214869514,0.2341018275556058,1,0,0,0,0,0
West,2019-12-22,"Colorado, Montana, Utah, Wyoming, New Mexico, Arizona, California, Hawaii, Nevada, Alaska, Idaho, Oregon, Washington",2019,52,15619,4010,0.2567385876176452,15620,FALSE,FALSE,0.24990163083690317,0.26366624973846975,0.26366624973846975,3970.0705966483742,0.2541821241211585,1,0,0,0,0,0
West,2019-12-29,"Colorado, Montana, Utah, Wyoming, New Mexico, Arizona, California, Hawaii, Nevada, Alaska, Idaho, Oregon, Washington",2020,1,16862,4193,0.24866563871426878,16863,FALSE,FALSE,0.2421557095762172,0.2552623610673912,0.2552623610673912,4459.115627338577,0.2644476116319877,1,0,0,0,0,0
West,2020-01-05,"Colorado, Montana, Utah, Wyoming, New Mexico, Arizona, California, Hawaii, Nevada, Alaska, Idaho, Oregon, Washington",2020,2,15851,3899,0.24597817172418143,15852,FALSE,FALSE,0.23928931652033028,0.2527603622670743,0.2527603622670743,4202.783433110657,0.26514310977923516,1,0,0,0,0,0
West,2020-01-12,"Colorado, Montana, Utah, Wyoming, New Mexico, Arizona, California, Hawaii, Nevada, Alaska, Idaho, Oregon, Washington",2020,3,16314,4235,0.2595929876179968,16315,FALSE,FALSE,0.2528782314039394,0.2663935531607079,0.2663935531607079,4235.049844644738,0.25959604294745237,1,0,0,0,0,0
West,2020-01-19,"Colorado, Montana, Utah, Wyoming, New Mexico, Arizona, California, Hawaii, Nevada, Alaska, Idaho, Oregon, Washington",2020,4,17450,4854,0.27816618911174784,17451,FALSE,FALSE,0.2715264805396811,0.2848798994967937,0.2848798994967937,4402.443364404923,0.2522890180174741,1,0,0,0,0,0
West,2020-01-26,"Colorado, Montana, Utah, Wyoming, New Mexico, Arizona, California, Hawaii, Nevada, Alaska, Idaho, Oregon, Washington",2020,5,17699,4619,0.2609751963387762,17700,FALSE,FALSE,0.2545166546115044,0.2675123587946976,0.2675123587946976,4378.651977482375,0.24739544479814535,1,0,0,0,0,0
West,2020-02-02,"Colorado, Montana, Utah, Wyoming, New Mexico, Arizona, California, Hawaii, Nevada, Alaska, Idaho, Oregon, Washington",2020,6,16680,3999,0.23974820143884892,16681,FALSE,FALSE,0.2332850609913656,0.24630220482418008,0.24630220482418008,4148.932298378306,0.24873694834402313,1,0,0,0,0,0
West,2020-02-09,"Colorado, Montana, Utah, Wyoming, New Mexico, Arizona, California, Hawaii, Nevada, Alaska, Idaho, Oregon, Washington",2020,7,16447,3976,0.24174621511521857,16448,FALSE,FALSE,0.23521870443816006,0.2483651707268415,0.2483651707268415,4178.449178097853,0.25405540086932893,1,0,0,0,0,0
West,2020-02-16,"Colorado, Montana, Utah, Wyoming, New Mexico, Arizona, California, Hawaii, Nevada, Alaska, Idaho, Oregon, Washington",2020,8,14527,3397,0.2338404350519722,14528,FALSE,FALSE,0.2269768213864575,0.24081079743534473,0.24081079743534473,3637.3457393444164,0.25038519579709617,1,0,0,0,0,0
West,2020-02-23,"Colorado, Montana, Utah, Wyoming, New Mexico, Arizona, California, Hawaii, Nevada, Alaska, Idaho, Oregon, Washington",2020,9,15351,3370,0.2195296723340499,15352,FALSE,FALSE,0.21300278191807628,0.2261630099214348,0.2261630099214348,3458.029888253764,0.22526414489308605,1,0,0,0,0,0
West,2020-03-01,"Colorado, Montana, Utah, Wyoming, New Mexico, Arizona, California, Hawaii, Nevada, Alaska, Idaho, Oregon, Washington",2020,10,17262,3313,0.19192445834781602,17263,FALSE,FALSE,0.186072954163441,0.19787993767037282,0.19787993767037282,3021.2101675826584,0.1750208647655346,1,0,0,0,0,0
West,2020-03-08,"Colorado, Montana, Utah, Wyoming, New Mexico, Arizona, California, Hawaii, Nevada, Alaska, Idaho, Oregon, Washington",2020,11,20244,2417,0.11939340051373247,20245,FALSE,FALSE,0.11495694403658255,0.12393947695107399,0.12393947695107399,2270.6796056442895,0.11216556044478806,1,0,0,0,0,0
West,2020-03-15,"Colorado, Montana, Utah, Wyoming, New Mexico, Arizona, California, Hawaii, Nevada, Alaska, Idaho, Oregon, Washington",2020,12,18486,1106,0.05982905982905983,18487,FALSE,FALSE,0.05645256068970568,0.06334482185487156,0.06334482185487156,1125.5905455400093,0.060888810209889066,1,0,0,0,0,0
West,2020-03-22,"Colorado, Montana, Utah, Wyoming, New Mexico, Arizona, California, Hawaii, Nevada, Alaska, Idaho, Oregon, Washington",2020,13,12300,254,0.02065040650406504,12301,FALSE,FALSE,0.018210478235077272,0.023320695944139436,0.023320695944139436,365.6005309130487,0.029723620399434856,0,-1,-1,-1,0,0
West,2020-03-29,"Colorado, Montana, Utah, Wyoming, New Mexico, Arizona, California, Hawaii, Nevada, Alaska, Idaho, Oregon, Washington",2020,14,7669,79,0.010301212674403442,7670,FALSE,FALSE,0.008163812299694973,0.012822071079527375,0.012822071079527375,106.2538070967414,0.013854975498336341,0,0,-1,-2,0,1
West,2020-04-05,"Colorado, Montana, Utah, Wyoming, New Mexico, Arizona, California, Hawaii, Nevada, Alaska, Idaho, Oregon, Washington",2020,15,5186,40,0.007713073659853451,5187,FALSE,FALSE,0.005515885397856545,0.01048835235304535,0.01048835235304535,33.95577552079068,0.00654758494423268,0,0,0,-1,0,0
West,2020-04-12,"Colorado, Montana, Utah, Wyoming, New Mexico, Arizona, California, Hawaii, Nevada, Alaska, Idaho, Oregon, Washington",2020,16,4100,37,0.009024390243902438,4101,FALSE,FALSE,0.0063617369028033085,0.012417674984260385,0.012417674984260385,13.591938278758331,0.0033151068972581293,0,0,0,0,0,0
West,2020-04-19,"Colorado, Montana, Utah, Wyoming, New Mexico, Arizona, California, Hawaii, Nevada, Alaska, Idaho, Oregon, Washington",2020,17,3726,7,0.001878690284487386,3727,FALSE,FALSE,7.55654075702332e-4,0.003866965334699669,0.003866965334699669,7.020302730231854,0.0018841392190638363,0,0,0,0,0,0
West,2020-04-26,"Colorado, Montana, Utah, Wyoming, New Mexico, Arizona, California, Hawaii, Nevada, Alaska, Idaho, Oregon, Washington",2020,18,2854,4,0.001401541695865452,2855,FALSE,FALSE,3.8200080546470835e-4,0.0035845810621241117,0.0035845810621241117,3.5912964386586776,0.0012583379252483103,0,0,0,0,0,0
West,2020-05-03,"Colorado, Montana, Utah, Wyoming, New Mexico, Arizona, California, Hawaii, Nevada, Alaska, Idaho, Oregon, Washington",2020,19,2414,0,0,2415,FALSE,FALSE,0,0.0015269520984716194,0.0015269520984716194,2.4954994511453887,0.0010337611645175595,0,0,0,0,0,0
West,2020-05-10,"Colorado, Montana, Utah, Wyoming, New Mexico, Arizona, California, Hawaii, Nevada, Alaska, Idaho, Oregon, Washington",2020,20,2084,2,9.596928982725527e-4,2085,FALSE,FALSE,1.1624440032263422e-4,0.0034623978017722062,0.0034623978017722062,2.2514658421472262,0.0010803578897059627,0,0,0,0,0,0
West,2020-05-17,"Colorado, Montana, Utah, Wyoming, New Mexico, Arizona, California, Hawaii, Nevada, Alaska, Idaho, Oregon, Washington",2020,21,1962,0,0,1963,FALSE,FALSE,0,0.0018783964217458377,0.0018783964217458377,2.6339373780144983,0.0013424757278361359,0,0,0,0,0,0
West,2020-05-24,"Colorado, Montana, Utah, Wyoming, New Mexico, Arizona, California, Hawaii, Nevada, Alaska, Idaho, Oregon, Washington",2020,22,1519,1,6.583278472679394e-4,1520,FALSE,FALSE,1.6667279127200464e-5,0.003662453125831821,0.003662453125831821,2.6785281604672604,0.0017633496777269655,0,0,0,0,0,0
West,2020-05-31,"Colorado, Montana, Utah, Wyoming, New Mexico, Arizona, California, Hawaii, Nevada, Alaska, Idaho, Oregon, Washington",2020,23,1357,12,0.008843036109064112,1358,FALSE,FALSE,0.0045774344802441535,0.01539600639317229,0.01539600639317229,2.9524959547320924,0.0021757523616301342,0,0,0,0,0,0
West,2020-06-07,"Colorado, Montana, Utah, Wyoming, New Mexico, Arizona, California, Hawaii, Nevada, Alaska, Idaho, Oregon, Washington",2020,24,1357,0,0,1358,FALSE,FALSE,0,0.0027147163263843777,0.0027147163263843777,3.0430770707199977,0.0022425033682534987,0,0,0,0,0,0
West,2020-06-14,"Colorado, Montana, Utah, Wyoming, New Mexico, Arizona, California, Hawaii, Nevada, Alaska, Idaho, Oregon, Washington",2020,25,1177,0,0,1178,FALSE,FALSE,0,0.0031292308933457604,0.0031292308933457604,2.177215422645829,0.0018498006989344342,0,0,0,0,0,0
West,2020-06-21,"Colorado, Montana, Utah, Wyoming, New Mexico, Arizona, California, Hawaii, Nevada, Alaska, Idaho, Oregon, Washington",2020,26,1072,0,0,1073,FALSE,FALSE,0,0.003435205029523924,0.003435205029523924,1.4498557215752923,0.0013524773522157578,0,0,0,0,0,0
West,2020-06-28,"Colorado, Montana, Utah, Wyoming, New Mexico, Arizona, California, Hawaii, Nevada, Alaska, Idaho, Oregon, Washington",2020,27,1510,2,0.0013245033112582781,1511,FALSE,FALSE,1.6044376409341625e-4,0.004776291090225067,0.004776291090225067,1.4903918367190274,9.870144614033294e-4,0,0,0,0,0,0
West,2020-07-05,"Colorado, Montana, Utah, Wyoming, New Mexico, Arizona, California, Hawaii, Nevada, Alaska, Idaho, Oregon, Washington",2020,28,1503,3,0.001996007984031936,1504,FALSE,FALSE,4.1181413496385263e-4,0.005822000248250597,0.005822000248250597,1.216857402474934,8.096190302561104e-4,0,0,0,0,0,0
West,2020-07-12,"Colorado, Montana, Utah, Wyoming, New Mexico, Arizona, California, Hawaii, Nevada, Alaska, Idaho, Oregon, Washington",2020,29,1686,2,0.0011862396204033216,1687,FALSE,FALSE,1.436914197249711e-4,0.0042784710325707515,0.0042784710325707515,1.3943918157131567,8.270414090825367e-4,0,0,0,0,0,0
West,2020-07-19,"Colorado, Montana, Utah, Wyoming, New Mexico, Arizona, California, Hawaii, Nevada, Alaska, Idaho, Oregon, Washington",2020,30,1829,0,0,1830,FALSE,FALSE,0,0.002014850702143734,0.002014850702143734,1.8387274205294326,0.001005318436593457,0,0,0,0,0,0
West,2020-07-26,"Colorado, Montana, Utah, Wyoming, New Mexico, Arizona, California, Hawaii, Nevada, Alaska, Idaho, Oregon, Washington",2020,31,1823,3,0.0016456390565002743,1824,FALSE,FALSE,3.3949899527324667e-4,0.0048016535914296825,0.0048016535914296825,2.3402026689981565,0.00128370963740985,0,0,0,0,0,0
West,2020-08-02,"Colorado, Montana, Utah, Wyoming, New Mexico, Arizona, California, Hawaii, Nevada, Alaska, Idaho, Oregon, Washington",2020,32,1856,4,0.0021551724137931034,1857,FALSE,FALSE,5.875143853532117e-4,0.005508824804667062,0.005508824804667062,2.8192060767839457,0.0015189687913706605,0,0,0,0,0,0
West,2020-08-09,"Colorado, Montana, Utah, Wyoming, New Mexico, Arizona, California, Hawaii, Nevada, Alaska, Idaho, Oregon, Washington",2020,33,1709,1,5.851375073142189e-4,1710,FALSE,FALSE,1.4814289321919621e-5,0.0032558203142311263,0.0032558203142311263,2.5121173846623837,0.0014699341045420619,0,0,0,0,0,0
West,2020-08-16,"Colorado, Montana, Utah, Wyoming, New Mexico, Arizona, California, Hawaii, Nevada, Alaska, Idaho, Oregon, Washington",2020,34,1617,2,0.0012368583797155227,1618,FALSE,FALSE,1.4982440221565055e-4,0.004460745357100495,0.004460745357100495,1.799844318283238,0.0011130762636259975,0,0,0,0,0,0
West,2020-08-23,"Colorado, Montana, Utah, Wyoming, New Mexico, Arizona, California, Hawaii, Nevada, Alaska, Idaho, Oregon, Washington",2020,35,1587,0,0,1588,FALSE,FALSE,0,0.002321736290154535,0.002321736290154535,1.1861648582243665,7.474258715969542e-4,0,0,0,0,0,0
West,2020-08-30,"Colorado, Montana, Utah, Wyoming, New Mexico, Arizona, California, Hawaii, Nevada, Alaska, Idaho, Oregon, Washington",2020,36,1531,2,0.0013063357282821686,1532,FALSE,FALSE,1.5824248814543334e-4,0.0047108887615213615,0.0047108887615213615,0.7888585594693404,5.152570603980016e-4,0,0,0,0,0,0
West,2020-09-06,"Colorado, Montana, Utah, Wyoming, New Mexico, Arizona, California, Hawaii, Nevada, Alaska, Idaho, Oregon, Washington",2020,37,1716,2,0.0011655011655011655,1717,FALSE,FALSE,1.411787769480142e-4,0.004203786458645921,0.004203786458645921,0.7244462186336165,4.2217145608019606e-4,0,0,0,0,0,0
West,2020-09-13,"Colorado, Montana, Utah, Wyoming, New Mexico, Arizona, California, Hawaii, Nevada, Alaska, Idaho, Oregon, Washington",2020,38,2059,2,9.713453132588635e-4,2060,FALSE,FALSE,1.1765607835266713e-4,0.003504384262856723,0.003504384262856723,0.9629378097751253,4.676725642424115e-4,0,0,0,0,0,0
West,2020-09-20,"Colorado, Montana, Utah, Wyoming, New Mexico, Arizona, California, Hawaii, Nevada, Alaska, Idaho, Oregon, Washington",2020,39,2211,0,0,2212,FALSE,FALSE,0,0.001667030240759382,0.001667030240759382,1.4776133202506285,6.683009137271048e-4,0,0,0,0,0,0
West,2020-09-27,"Colorado, Montana, Utah, Wyoming, New Mexico, Arizona, California, Hawaii, Nevada, Alaska, Idaho, Oregon, Washington",2020,40,2863,1,3.4928396786587494e-4,2864,FALSE,FALSE,8.843065330286379e-6,0.0019445326654785548,0.0019445326654785548,3.040373784208917,0.001061953819143876,0,0,0,0,0,0
West,2020-10-04,"Colorado, Montana, Utah, Wyoming, New Mexico, Arizona, California, Hawaii, Nevada, Alaska, Idaho, Oregon, Washington",2020,41,3636,6,0.0016501650165016502,3637,FALSE,FALSE,6.058146513993661e-4,0.0035882287352562102,0.0035882287352562102,5.8743655024800665,0.0016156120743894573,0,0,0,0,0,0
West,2020-10-11,"Colorado, Montana, Utah, Wyoming, New Mexico, Arizona, California, Hawaii, Nevada, Alaska, Idaho, Oregon, Washington",2020,42,4009,9,0.0022449488650536295,4010,FALSE,FALSE,0.0010270313691360202,0.004257315791356927,0.004257315791356927,8.125227739139659,0.0020267467545870936,0,0,0,0,0,0
West,2020-10-18,"Colorado, Montana, Utah, Wyoming, New Mexico, Arizona, California, Hawaii, Nevada, Alaska, Idaho, Oregon, Washington",2020,43,4456,6,0.0013464991023339318,4457,FALSE,FALSE,4.942966715893092e-4,0.0029284406447345375,0.0029284406447345375,8.652481003021984,0.0019417596505884166,0,0,0,0,0,0
West,2020-10-25,"Colorado, Montana, Utah, Wyoming, New Mexico, Arizona, California, Hawaii, Nevada, Alaska, Idaho, Oregon, Washington",2020,44,5465,14,0.0025617566331198535,5466,FALSE,FALSE,0.00140122190083794,0.004294460506317143,0.004294460506317143,8.479313183245626,0.0015515669136771503,0,0,0,0,0,0
West,2020-11-01,"Colorado, Montana, Utah, Wyoming, New Mexico, Arizona, California, Hawaii, Nevada, Alaska, Idaho, Oregon, Washington",2020,45,7238,4,5.526388505111909e-4,7239,FALSE,FALSE,1.5059536005996007e-4,0.0014143649563213806,0.0014143649563213806,8.36070212069763,0.0011551122023622036,0,0,0,0,0,0
West,2020-11-08,"Colorado, Montana, Utah, Wyoming, New Mexico, Arizona, California, Hawaii, Nevada, Alaska, Idaho, Oregon, Washington",2020,46,11861,17,0.001433268695725487,11862,FALSE,FALSE,8.351465387289183e-4,0.002293813453235699,0.002293813453235699,10.616401529566172,8.950679984458454e-4,0,0,0,0,0,0
West,2020-11-15,"Colorado, Montana, Utah, Wyoming, New Mexico, Arizona, California, Hawaii, Nevada, Alaska, Idaho, Oregon, Washington",2020,47,13945,10,7.171029042667623e-4,13946,FALSE,FALSE,3.439305731213436e-4,0.001318381049186157,0.001318381049186157,11.137902522407334,7.987022246258396e-4,0,0,0,0,0,0
West,2020-11-22,"Colorado, Montana, Utah, Wyoming, New Mexico, Arizona, California, Hawaii, Nevada, Alaska, Idaho, Oregon, Washington",2020,48,12045,3,2.4906600249066e-4,12046,FALSE,FALSE,5.1366342987283936e-5,7.277023128032419e-4,7.277023128032419e-4,9.833438671459765,8.163917535458501e-4,0,0,0,0,0,0
West,2020-11-29,"Colorado, Montana, Utah, Wyoming, New Mexico, Arizona, California, Hawaii, Nevada, Alaska, Idaho, Oregon, Washington",2020,49,15994,18,0.0011254220332624733,15995,FALSE,FALSE,6.671285113323209e-4,0.0017780710502503393,0.0017780710502503393,14.233246806626433,8.89911642280007e-4,0,0,0,0,0,0
West,2020-12-06,"Colorado, Montana, Utah, Wyoming, New Mexico, Arizona, California, Hawaii, Nevada, Alaska, Idaho, Oregon, Washington",2020,50,14633,15,0.0010250802979566733,14634,FALSE,FALSE,5.738395773453097e-4,0.0016901513544556712,0.0016901513544556712,14.079280200921453,9.621595162250703e-4,0,0,0,0,0,0
West,2020-12-13,"Colorado, Montana, Utah, Wyoming, New Mexico, Arizona, California, Hawaii, Nevada, Alaska, Idaho, Oregon, Washington",2020,51,15033,8,5.321625756668663e-4,15034,FALSE,FALSE,2.2977713239010357e-4,0.0010483016891304914,0.0010483016891304914,14.42801173354964,9.59755985734693e-4,0,0,0,0,0,0
West,2020-12-20,"Colorado, Montana, Utah, Wyoming, New Mexico, Arizona, California, Hawaii, Nevada, Alaska, Idaho, Oregon, Washington",2020,52,12351,11,8.906161444417456e-4,12352,FALSE,FALSE,4.4467355032738645e-4,0.001592998222387169,0.001592998222387169,10.50435218270639,8.504859673472909e-4,0,0,0,0,0,0
West,2020-12-27,"Colorado, Montana, Utah, Wyoming, New Mexico, Arizona, California, Hawaii, Nevada, Alaska, Idaho, Oregon, Washington",2020,53,14721,16,0.001086882684600231,14722,FALSE,FALSE,6.213709526549727e-4,0.0017644308954833765,0.0017644308954833765,10.329870125835045,7.017098108712074e-4,0,0,0,0,0,0
West,2021-01-03,"Colorado, Montana, Utah, Wyoming, New Mexico, Arizona, California, Hawaii, Nevada, Alaska, Idaho, Oregon, Washington",2021,1,17122,14,0.00081766148814390845,17123,FALSE,FALSE,4.4709295434938143e-4,0.0013715168610837635,0.0013715168610837635,9.797502625253314,5.722171840470339e-4,0,0,0,0,0,0
West,2021-01-10,"Colorado, Montana, Utah, Wyoming, New Mexico, Arizona, California, Hawaii, Nevada, Alaska, Idaho, Oregon, Washington",2021,2,16118,8,4.963394962154114e-4,16119,FALSE,FALSE,2.1430774273768728e-4,9.777511633710606e-4,9.777511633710606e-4,7.890730722401914,4.895601639410543e-4,0,0,0,0,0,0
West,2021-01-17,"Colorado, Montana, Utah, Wyoming, New Mexico, Arizona, California, Hawaii, Nevada, Alaska, Idaho, Oregon, Washington",2021,3,14232,2,1.405283867341203e-4,14233,FALSE,FALSE,1.701909268935747e-5,5.075436809548411e-4,5.075436809548411e-4,6.60678035148285,4.642200921502845e-4,0,0,0,0,0,0
West,2021-01-24,"Colorado, Montana, Utah, Wyoming, New Mexico, Arizona, California, Hawaii, Nevada, Alaska, Idaho, Oregon, Washington",2021,4,13574,4,2.946810078090467e-4,13575,FALSE,FALSE,8.029630660984775e-5,7.543269663117485e-4,7.543269663117485e-4,6.59465593711416,4.858299644256785e-4,0,0,0,0,0,0
West,2021-01-31,"Colorado, Montana, Utah, Wyoming, New Mexico, Arizona, California, Hawaii, Nevada, Alaska, Idaho, Oregon, Washington",2021,5,13189,7,5.307453180680871e-4,13190,FALSE,FALSE,2.13412920815608e-4,0.0010932305059764874,0.0010932305059764874,7.084167786763642,5.37126983604795e-4,0,0,0,0,0,0
West,2021-02-07,"Colorado, Montana, Utah, Wyoming, New Mexico, Arizona, California, Hawaii, Nevada, Alaska, Idaho, Oregon, Washington",2021,6,11610,5,4.306632213608958e-4,11611,FALSE,FALSE,1.3984949008510428e-4,0.0010047357001064386,0.0010047357001064386,6.966397257376186,6.000342168282675e-4,0,0,0,0,0,0
West,2021-02-14,"Colorado, Montana, Utah, Wyoming, New Mexico, Arizona, California, Hawaii, Nevada, Alaska, Idaho, Oregon, Washington",2021,7,12050,12,9.95850622406639e-4,12051,FALSE,FALSE,5.146730635033171e-4,0.0017389037857604922,0.0017389037857604922,7.806431590094798,6.478366464808961e-4,0,0,0,0,0,0
West,2021-02-21,"Colorado, Montana, Utah, Wyoming, New Mexico, Arizona, California, Hawaii, Nevada, Alaska, Idaho, Oregon, Washington",2021,8,12293,9,7.321239729927601e-4,12294,FALSE,FALSE,3.348266107012328e-4,0.0013893423584232566,0.0013893423584232566,8.04948418082157,6.548022598894957e-4,0,0,0,0,0,0
West,2021-02-28,"Colorado, Montana, Utah, Wyoming, New Mexico, Arizona, California, Hawaii, Nevada, Alaska, Idaho, Oregon, Washington",2021,9,12371,7,5.65839463260852e-4,12372,FALSE,FALSE,2.2752610919922448e-4,0.0011654958227600557,0.0011654958227600557,7.677607469275151,6.206133270774514e-4,0,0,0,0,0,0
West,2021-03-07,"Colorado, Montana, Utah, Wyoming, New Mexico, Arizona, California, Hawaii, Nevada, Alaska, Idaho, Oregon, Washington",2021,10,12583,7,5.563061273146309e-4,12584,FALSE,FALSE,2.2369223468021357e-4,0.0011458651921111276,0.0011458651921111276,6.990043964863694,5.555148982646184e-4,0,0,0,0,0,0
West,2021-03-14,"Colorado, Montana, Utah, Wyoming, New Mexico, Arizona, California, Hawaii, Nevada, Alaska, Idaho, Oregon, Washington",2021,11,12832,8,6.234413965087282e-4,12833,FALSE,FALSE,2.691949452413643e-4,0.001228056518272273,0.001228056518272273,6.069120725114385,4.729676375556722e-4,0,0,0,0,0,0
West,2021-03-21,"Colorado, Montana, Utah, Wyoming, New Mexico, Arizona, California, Hawaii, Nevada, Alaska, Idaho, Oregon, Washington",2021,12,13233,2,1.5113730824454016e-4,13234,FALSE,FALSE,1.83039532991051e-5,5.458521554722168e-4,5.458521554722168e-4,5.111780647939698,3.8629038373306867e-4,0,0,0,0,0,0
West,2021-03-28,"Colorado, Montana, Utah, Wyoming, New Mexico, Arizona, California, Hawaii, Nevada, Alaska, Idaho, Oregon, Washington",2021,13,10793,2,1.853052904660428e-4,10794,FALSE,FALSE,2.2442118227480204e-5,6.692244243214888e-4,6.692244243214888e-4,3.355497300202816,3.1089570093605263e-4,0,0,0,0,0,0
West,2021-04-04,"Colorado, Montana, Utah, Wyoming, New Mexico, Arizona, California, Hawaii, Nevada, Alaska, Idaho, Oregon, Washington",2021,14,9142,5,5.469262743382192e-4,9143,FALSE,FALSE,1.7760855995627368e-4,0.0012758780408164928,0.0012758780408164928,2.3463998690813517,2.566615477008698e-4,0,0,0,0,0,0
West,2021-04-11,"Colorado, Montana, Utah, Wyoming, New Mexico, Arizona, California, Hawaii, Nevada, Alaska, Idaho, Oregon, Washington",2021,15,9264,1,1.079447322970639e-4,9265,FALSE,FALSE,2.7329202707792336e-6,6.012811770992087e-4,6.012811770992087e-4,2.0965474874715997,2.2631125728320376e-4,0,0,0,0,0,0
West,2021-04-18,"Colorado, Montana, Utah, Wyoming, New Mexico, Arizona, California, Hawaii, Nevada, Alaska, Idaho, Oregon, Washington",2021,16,9584,3,3.1302170283806343e-4,9585,FALSE,FALSE,6.455725298833477e-5,9.145070447359738e-4,9.145070447359738e-4,2.1268732867967826,2.2191916598463926e-4,0,0,0,0,0,0
West,2021-04-25,"Colorado, Montana, Utah, Wyoming, New Mexico, Arizona, California, Hawaii, Nevada, Alaska, Idaho, Oregon, Washington",2021,17,10057,3,2.9829969175698516e-4,10058,FALSE,FALSE,6.152079300470808e-5,8.715083574024565e-4,8.715083574024565e-4,2.477103478669379,2.463064013790771e-4,0,0,0,0,0,0
West,2021-05-02,"Colorado, Montana, Utah, Wyoming, New Mexico, Arizona, California, Hawaii, Nevada, Alaska, Idaho, Oregon, Washington",2021,18,9565,1,1.0454783063251438e-4,9566,FALSE,FALSE,2.6469183980333757e-6,5.823640433671448e-4,5.823640433671448e-4,2.8211056167307604,2.9494047221440255e-4,0,0,0,0,0,0
West,2021-05-09,"Colorado, Montana, Utah, Wyoming, New Mexico, Arizona, California, Hawaii, Nevada, Alaska, Idaho, Oregon, Washington",2021,19,9066,2,2.2060445621001543e-4,9067,FALSE,FALSE,2.6717339731278196e-5,7.966695557975713e-4,7.966695557975713e-4,3.254508763688576,3.5897956802212396e-4,0,0,0,0,0,0
West,2021-05-16,"Colorado, Montana, Utah, Wyoming, New Mexico, Arizona, California, Hawaii, Nevada, Alaska, Idaho, Oregon, Washington",2021,20,8354,7,8.379219535551831e-4,8355,FALSE,FALSE,3.3695233874600494e-4,0.0017256725685428987,0.0017256725685428987,3.4952251018413873,4.183894064928642e-4,0,0,0,0,0,0
West,2021-05-23,"Colorado, Montana, Utah, Wyoming, New Mexico, Arizona, California, Hawaii, Nevada, Alaska, Idaho, Oregon, Washington",2021,21,6376,4,6.273525721455458e-4,6377,FALSE,FALSE,1.709580721226216e-4,0.0016054856908603856,0.0016054856908603856,2.8156568422476327,4.416023905658144e-4,0,0,0,0,0,0
West,2021-05-30,"Colorado, Montana, Utah, Wyoming, New Mexico, Arizona, California, Hawaii, Nevada, Alaska, Idaho, Oregon, Washington",2021,22,6382,1,1.5669069257286117e-4,6383,FALSE,FALSE,3.967056998693671e-6,8.727120372755897e-4,8.727120372755897e-4,2.6998328251083703,4.230386751971749e-4,0,0,0,0,0,0
West,2021-06-06,"Colorado, Montana, Utah, Wyoming, New Mexico, Arizona, California, Hawaii, Nevada, Alaska, Idaho, Oregon, Washington",2021,23,7653,2,2.6133542401672545e-4,7654,FALSE,FALSE,3.165049932181362e-5,9.437112176224067e-4,9.437112176224067e-4,2.950890427685075,3.8558610057298775e-4,0,0,0,0,0,0
West,2021-06-13,"Colorado, Montana, Utah, Wyoming, New Mexico, Arizona, California, Hawaii, Nevada, Alaska, Idaho, Oregon, Washington",2021,24,7256,0,0,7257,FALSE,FALSE,0,5.082610140401888e-4,5.082610140401888e-4,2.5465847358504248,3.509626151943805e-4,0,0,0,0,0,0
West,2021-06-20,"Colorado, Montana, Utah, Wyoming, New Mexico, Arizona, California, Hawaii, Nevada, Alaska, Idaho, Oregon, Washington",2021,25,5480,3,5.474452554744526e-4,5481,FALSE,FALSE,1.1291060464469918e-4,0.001599025674015666,0.001599025674015666,1.8347665310817296,3.348114107813375e-4,0,0,0,0,0,0
West,2021-06-27,"Colorado, Montana, Utah, Wyoming, New Mexico, Arizona, California, Hawaii, Nevada, Alaska, Idaho, Oregon, Washington",2021,26,6416,3,4.675810473815461e-4,6417,FALSE,FALSE,9.643683504464897e-5,0.0013658562093812028,0.0013658562093812028,2.2110267233729886,3.4461139703444334e-4,0,0,0,0,0,0
West,2021-07-04,"Colorado, Montana, Utah, Wyoming, New Mexico, Arizona, California, Hawaii, Nevada, Alaska, Idaho, Oregon, Washington",2021,27,7529,4,5.312790543232833e-4,7530,FALSE,FALSE,1.4477402779982816e-4,0.0013597216328635029,0.0013597216328635029,2.7920866480175275,3.7084428848685447e-4,0,0,0,0,0,0
West,2021-07-11,"Colorado, Montana, Utah, Wyoming, New Mexico, Arizona, California, Hawaii, Nevada, Alaska, Idaho, Oregon, Washington",2021,28,8350,5,5.988023952095808e-4,8351,FALSE,FALSE,1.9445718319401742e-4,0.001396847127102182,0.001396847127102182,3.336644225166865,3.9959811079842694e-4,0,0,0,0,0,0
West,2021-07-18,"Colorado, Montana, Utah, Wyoming, New Mexico, Arizona, California, Hawaii, Nevada, Alaska, Idaho, Oregon, Washington",2021,29,8490,3,3.5335689045936394e-4,8491,FALSE,FALSE,7.287661474390519e-5,0.0010323080917218044,0.0010323080917218044,3.505662655290064,4.1291668495760473e-4,0,0,0,0,0,0
West,2021-07-25,"Colorado, Montana, Utah, Wyoming, New Mexico, Arizona, California, Hawaii, Nevada, Alaska, Idaho, Oregon, Washington",2021,30,10145,1,9.857072449482504e-5,10146,FALSE,FALSE,2.495591561638521e-6,5.490771983911296e-4,5.490771983911296e-4,3.988553066437962,3.931545654448459e-4,0,0,0,0,0,0
West,2021-08-01,"Colorado, Montana, Utah, Wyoming, New Mexico, Arizona, California, Hawaii, Nevada, Alaska, Idaho, Oregon, Washington",2021,31,8382,6,7.158196134574087e-4,8383,FALSE,FALSE,2.627370417495565e-4,0.001557381914920439,0.001557381914920439,2.9358445589005715,3.502558528872073e-4,0,0,0,0,0,0
West,2021-08-08,"Colorado, Montana, Utah, Wyoming, New Mexico, Arizona, California, Hawaii, Nevada, Alaska, Idaho, Oregon, Washington",2021,32,12109,1,8.258320257659592e-5,12110,FALSE,FALSE,2.0908234797875125e-6,4.600373063809811e-4,4.600373063809811e-4,3.759397795093295,3.1046310967819765e-4,0,0,0,0,0,0
West,2021-08-15,"Colorado, Montana, Utah, Wyoming, New Mexico, Arizona, California, Hawaii, Nevada, Alaska, Idaho, Oregon, Washington",2021,33,9168,1,1.0907504363001745e-4,9169,FALSE,FALSE,2.7615371974519593e-6,6.075757453468365e-4,6.075757453468365e-4,2.6730417656621417,2.9156214721445697e-4,0,0,0,0,0,0
West,2021-08-22,"Colorado, Montana, Utah, Wyoming, New Mexico, Arizona, California, Hawaii, Nevada, Alaska, Idaho, Oregon, Washington",2021,34,12517,5,3.9945673883518413e-4,12518,FALSE,FALSE,1.2971483067359475e-4,9.319504870470585e-4,9.319504870470585e-4,3.866707040196365,3.089164368615774e-4,0,0,0,0,0,0
West,2021-08-29,"Colorado, Montana, Utah, Wyoming, New Mexico, Arizona, California, Hawaii, Nevada, Alaska, Idaho, Oregon, Washington",2021,35,12983,9,6.932142031887853e-4,12984,FALSE,FALSE,3.170291109712393e-4,0.0013155267785314078,0.0013155267785314078,4.96170028525044,3.821690121890503e-4,0,0,0,0,0,0
West,2021-09-05,"Colorado, Montana, Utah, Wyoming, New Mexico, Arizona, California, Hawaii, Nevada, Alaska, Idaho, Oregon, Washington",2021,36,8290,6,7.237635705669482e-4,8291,FALSE,FALSE,2.656533130303442e-4,0.0015746579244845093,0.0015746579244845093,4.300479341835378,5.187550472660287e-4,0,0,0,0,0,0
West,2021-09-12,"Colorado, Montana, Utah, Wyoming, New Mexico, Arizona, California, Hawaii, Nevada, Alaska, Idaho, Oregon, Washington",2021,37,11389,6,5.268241285450874e-4,11390,FALSE,FALSE,1.9335892515094422e-4,0.0011463189847347108,0.0011463189847347108,8.101489246537977,7.113433353707943e-4,0,0,0,0,0,0
West,2021-09-19,"Colorado, Montana, Utah, Wyoming, New Mexico, Arizona, California, Hawaii, Nevada, Alaska, Idaho, Oregon, Washington",2021,38,10885,3,2.756086357372531e-4,10886,FALSE,FALSE,5.684073335634788e-5,8.052320373568744e-4,8.052320373568744e-4,9.875346706466175,9.072436110671727e-4,0,0,0,0,0,0
West,2021-09-26,"Colorado, Montana, Utah, Wyoming, New Mexico, Arizona, California, Hawaii, Nevada, Alaska, Idaho, Oregon, Washington",2021,39,10784,11,0.0010200296735905045,10785,FALSE,FALSE,5.093016295020965e-4,0.0018243801850081412,0.0018243801850081412,10.737832157651788,9.957188573490158e-4,0,0,0,0,0,0
West,2021-10-03,"Colorado, Montana, Utah, Wyoming, New Mexico, Arizona, California, Hawaii, Nevada, Alaska, Idaho, Oregon, Washington",2021,40,12113,14,0.0011557830430116403,12114,FALSE,FALSE,6.320168467849286e-4,0.0019384479385479957,0.0019384479385479957,11.568065120114547,9.550123933059148e-4,0,0,0,0,0,0
West,2021-10-10,"Colorado, Montana, Utah, Wyoming, New Mexico, Arizona, California, Hawaii, Nevada, Alaska, Idaho, Oregon, Washington",2021,41,12971,13,0.0010022357566879963,12972,FALSE,FALSE,5.337528308077703e-4,0.0017132438656476704,0.0017132438656476704,11.46273053286276,8.837198776395622e-4,0,0,0,0,0,0
West,2021-10-17,"Colorado, Montana, Utah, Wyoming, New Mexico, Arizona, California, Hawaii, Nevada, Alaska, Idaho, Oregon, Washington",2021,42,14601,9,6.163961372508733e-4,14602,FALSE,FALSE,2.8189306798742463e-4,0.0011697879318757602,0.0011697879318757602,12.755459298037135,8.736017600189805e-4,0,0,0,0,0,0
West,2021-10-24,"Colorado, Montana, Utah, Wyoming, New Mexico, Arizona, California, Hawaii, Nevada, Alaska, Idaho, Oregon, Washington",2021,43,17363,31,0.0017854057478546334,17364,FALSE,FALSE,0.0012134089819191966,0.0025332919139945268,0.0025332919139945268,17.73740211768608,0.0010215632159008283,0,0,0,0,0,0
West,2021-10-31,"Colorado, Montana, Utah, Wyoming, New Mexico, Arizona, California, Hawaii, Nevada, Alaska, Idaho, Oregon, Washington",2021,44,18830,34,0.0018056293149229952,18831,FALSE,FALSE,0.0012507648984508002,0.0025222805482458433,0.0025222805482458433,28.416553913463428,0.0015091106698599803,0,0,0,0,0,0
West,2021-11-07,"Colorado, Montana, Utah, Wyoming, New Mexico, Arizona, California, Hawaii, Nevada, Alaska, Idaho, Oregon, Washington",2021,45,19993,57,0.0028509978492472364,19994,FALSE,FALSE,0.0021600113654619943,0.0036922412026432674,0.0036922412026432674,52.63763179280252,0.002632803070714876,0,0,0,0,0,0
West,2021-11-14,"Colorado, Montana, Utah, Wyoming, New Mexico, Arizona, California, Hawaii, Nevada, Alaska, Idaho, Oregon, Washington",2021,46,20192,82,0.004061014263074485,20193,FALSE,FALSE,0.0032311091069789698,0.005038318437836951,0.005038318437836951,99.30621980519504,0.004918097256596426,0,0,0,0,0,0
West,2021-11-21,"Colorado, Montana, Utah, Wyoming, New Mexico, Arizona, California, Hawaii, Nevada, Alaska, Idaho, Oregon, Washington",2021,47,20203,148,0.007325644706231748,20204,FALSE,FALSE,0.006196343604408134,0.008599991459396938,0.008599991459396938,180.18273393329747,0.008918612776978542,0,0,0,0,0,0
West,2021-11-28,"Colorado, Montana, Utah, Wyoming, New Mexico, Arizona, California, Hawaii, Nevada, Alaska, Idaho, Oregon, Washington",2021,48,24362,376,0.015433872424267301,24363,FALSE,FALSE,0.013923430636085974,0.017061454844550794,0.017061454844550794,347.8692126128219,0.014279172999459072,0,0,0,0,0,0
West,2021-12-05,"Colorado, Montana, Utah, Wyoming, New Mexico, Arizona, California, Hawaii, Nevada, Alaska, Idaho, Oregon, Washington",2021,49,24084,391,0.016234844710181034,24085,FALSE,FALSE,0.014676590043463193,0.017911358002768774,0.017911358002768774,472.6226276911172,0.01962392574701533,0,0,0,0,0,0
West,2021-12-12,"Colorado, Montana, Utah, Wyoming, New Mexico, Arizona, California, Hawaii, Nevada, Alaska, Idaho, Oregon, Washington",2021,50,24744,672,0.027158098933074686,24745,FALSE,FALSE,0.025168302566749172,0.029259961958427616,0.029259961958427616,593.94083053024406,0.024003428327281123,0,0,0,0,0,0
West,2021-12-19,"Colorado, Montana, Utah, Wyoming, New Mexico, Arizona, California, Hawaii, Nevada, Alaska, Idaho, Oregon, Washington",2021,51,26348,812,0.030818278427205102,26349,FALSE,FALSE,0.028764374958676984,0.03297649236294187,0.03297649236294187,715.7774469718996,0.02716629144420448,0,0,0,0,0,0
West,2021-12-26,"Colorado, Montana, Utah, Wyoming, New Mexico, Arizona, California, Hawaii, Nevada, Alaska, Idaho, Oregon, Washington",2021,52,27597,726,0.026307207305141862,27598,FALSE,FALSE,0.024450815387251492,0.028264211907393255,0.028264211907393255,816.1766362624757,0.02957483191152936,0,0,0,0,0,0
